<?xml version="1.0" encoding="UTF-8"?>
<!DOCTYPE generatorConfiguration
        PUBLIC "-//mybatis.org//DTD MyBatis Generator Configuration 1.0//EN"
        "http://mybatis.org/dtd/mybatis-generator-config_1_0.dtd">

<generatorConfiguration>
    <!--defaultModelType="flat" 大数据字段，不分表 -->
    <context id="MysqlTables" targetRuntime="MyBatis3" defaultModelType="flat">
        <property name="mergeable" value="false"></property>
        <property name="autoDelimitKeywords" value="true" />
        <property name="beginningDelimiter" value="`" />
        <property name="endingDelimiter" value="`" />
        <property name="javaFileEncoding" value="utf-8" />
        <plugin type="org.mybatis.generator.plugins.SerializablePlugin" />

        <plugin type="org.mybatis.generator.plugins.ToStringPlugin" />

        <!-- 注释 -->
        <commentGenerator >
            <property name="suppressAllComments" value="false"/><!-- 是否取消注释,为true时不会覆盖已经生成的xml代码 -->
            <property name="suppressDate" value="true" /> <!-- 是否生成注释代时间戳-->
        </commentGenerator>

        <!--数据库连接的信息：驱动类、连接地址、用户名、密码 -->
        <jdbcConnection
                driverClass="com.mysql.jdbc.Driver"
                connectionURL="jdbc:mysql://localhost:3306/fucai"
                userId="root"
                password="root">
        </jdbcConnection>

        <!-- 默认false，把JDBC DECIMAL 和 NUMERIC 类型解析为 Integer，为 true时把JDBC DECIMAL 和  NUMERIC 类型解析为java.math.BigDecimal -->
        <javaTypeResolver>
            <property name="forceBigDecimals" value="false" />
        </javaTypeResolver>

        <!-- targetProject:生成Model类的位置 -->
        <javaModelGenerator targetPackage="com.fucai.model" targetProject="..\fucai\src\main\java">
            <!-- enableSubPackages:是否让schema作为包的后缀 -->
            <property name="enableSubPackages" value="false" />
            <!-- 从数据库返回的值被清理前后的空格 -->
            <property name="trimStrings" value="true" />
        </javaModelGenerator>

        <!-- targetProject:mapper映射文件生成的位置 -->
        <sqlMapGenerator targetPackage="mapper"  targetProject="..\fucai\src\main\resources">
            <!-- enableSubPackages:是否让schema作为包的后缀 -->
            <property name="enableSubPackages" value="false" />
        </sqlMapGenerator>

        <!-- targetPackage：mapper接口生成的位置 -->
        <javaClientGenerator type="XMLMAPPER" targetPackage="com.fucai.dao"  targetProject="..\fucai\src\main\java">
            <!-- enableSubPackages:是否让schema作为包的后缀 -->
            <property name="enableSubPackages" value="false" />
        </javaClientGenerator>

        <!-- 指定数据库表 ,生成对应表及类名,可以生成多个,复制下面这行代码改名-->
        <table domainObjectName="BasePeriod" tableName="base_period" enableCountByExample="true" enableUpdateByExample="true" enableDeleteByExample="true" enableSelectByExample="true" selectByExampleQueryId="true">
            <property name="useActualColumnNames" value="false" />
            <generatedKey column="id" sqlStatement="Mysql" identity="true" />
        </table>
        <table domainObjectName="RedBallProbability" tableName="red_ball_probability" enableCountByExample="true" enableUpdateByExample="true" enableDeleteByExample="true" enableSelectByExample="true" selectByExampleQueryId="true">
            <property name="useActualColumnNames" value="false" />
            <generatedKey column="id" sqlStatement="Mysql" identity="true" />
        </table>
        <table domainObjectName="FiveRedBallProbability" tableName="five_red_ball_probability" enableCountByExample="true" enableUpdateByExample="true" enableDeleteByExample="true" enableSelectByExample="true" selectByExampleQueryId="true">
            <property name="useActualColumnNames" value="false" />
            <generatedKey column="id" sqlStatement="Mysql" identity="true" />
        </table>
        <table domainObjectName="ThirtyRedBallProbability" tableName="thirty_red_ball_probability" enableCountByExample="true" enableUpdateByExample="true" enableDeleteByExample="true" enableSelectByExample="true" selectByExampleQueryId="true">
            <property name="useActualColumnNames" value="false" />
            <generatedKey column="id" sqlStatement="Mysql" identity="true" />
        </table>
        <table domainObjectName="FiftyRedBallProbability" tableName="fifty_red_ball_probability" enableCountByExample="true" enableUpdateByExample="true" enableDeleteByExample="true" enableSelectByExample="true" selectByExampleQueryId="true">
            <property name="useActualColumnNames" value="false" />
            <generatedKey column="id" sqlStatement="Mysql" identity="true" />
        </table>
        <table domainObjectName="OneHundredRedBallProbability" tableName="one_hundred_red_ball_probability" enableCountByExample="true" enableUpdateByExample="true" enableDeleteByExample="true" enableSelectByExample="true" selectByExampleQueryId="true">
            <property name="useActualColumnNames" value="false" />
            <generatedKey column="id" sqlStatement="Mysql" identity="true" />
        </table>
        <table domainObjectName="BlueBallProbability" tableName="blue_ball_probability" enableCountByExample="true" enableUpdateByExample="true" enableDeleteByExample="true" enableSelectByExample="true" selectByExampleQueryId="true">
            <property name="useActualColumnNames" value="false" />
            <generatedKey column="id" sqlStatement="Mysql" identity="true" />
        </table>
        <table domainObjectName="FiveBlueBallProbability" tableName="five_blue_ball_probability" enableCountByExample="true" enableUpdateByExample="true" enableDeleteByExample="true" enableSelectByExample="true" selectByExampleQueryId="true">
            <property name="useActualColumnNames" value="false" />
            <generatedKey column="id" sqlStatement="Mysql" identity="true" />
        </table>
        <table domainObjectName="ThirtyBlueBallProbability" tableName="thirty_blue_ball_probability" enableCountByExample="true" enableUpdateByExample="true" enableDeleteByExample="true" enableSelectByExample="true" selectByExampleQueryId="true">
            <property name="useActualColumnNames" value="false" />
            <generatedKey column="id" sqlStatement="Mysql" identity="true" />
        </table>
        <table domainObjectName="FiftyBlueBallProbability" tableName="fifty_blue_ball_probability" enableCountByExample="true" enableUpdateByExample="true" enableDeleteByExample="true" enableSelectByExample="true" selectByExampleQueryId="true">
            <property name="useActualColumnNames" value="false" />
            <generatedKey column="id" sqlStatement="Mysql" identity="true" />
        </table>
        <table domainObjectName="OneHundredBlueBallProbability" tableName="one_hundred_blue_ball_probability" enableCountByExample="true" enableUpdateByExample="true" enableDeleteByExample="true" enableSelectByExample="true" selectByExampleQueryId="true">
            <property name="useActualColumnNames" value="false" />
            <generatedKey column="id" sqlStatement="Mysql" identity="true" />
        </table>
        <table domainObjectName="OddEvenProbability" tableName="odd_even_probability" enableCountByExample="true" enableUpdateByExample="true" enableDeleteByExample="true" enableSelectByExample="true" selectByExampleQueryId="true">
            <property name="useActualColumnNames" value="false" />
            <generatedKey column="id" sqlStatement="Mysql" identity="true" />
        </table>
        <table domainObjectName="SectionProbability" tableName="section_probability" enableCountByExample="true" enableUpdateByExample="true" enableDeleteByExample="true" enableSelectByExample="true" selectByExampleQueryId="true">
            <property name="useActualColumnNames" value="false" />
            <generatedKey column="id" sqlStatement="Mysql" identity="true" />
        </table>
        <table domainObjectName="DataLocationProbability" tableName="data_location_probability" enableCountByExample="true" enableUpdateByExample="true" enableDeleteByExample="true" enableSelectByExample="true" selectByExampleQueryId="true">
            <property name="useActualColumnNames" value="false" />
            <generatedKey column="id" sqlStatement="Mysql" identity="true" />
        </table>

    </context>
</generatorConfiguration>