<?xml version="1.0" encoding="UTF-8"?>
<!DOCTYPE mapper PUBLIC "-//mybatis.org//DTD Mapper 3.0//EN" "http://mybatis.org/dtd/mybatis-3-mapper.dtd">
<mapper namespace="com.fucai.dao.BasePeriodMapper">
  <resultMap id="BaseResultMap" type="com.fucai.model.BasePeriod">
    <!--
      WARNING - @mbggenerated
      This element is automatically generated by MyBatis Generator, do not modify.
    -->
    <id column="PERIOD_ID" jdbcType="INTEGER" property="periodId" />
    <result column="PERIOD_NUMBER" jdbcType="VARCHAR" property="periodNumber" />
    <result column="RED_ONE_BALL" jdbcType="VARCHAR" property="redOneBall" />
    <result column="RED_TWO_BALL" jdbcType="VARCHAR" property="redTwoBall" />
    <result column="RED_THREE_BALL" jdbcType="VARCHAR" property="redThreeBall" />
    <result column="RED_FOUR_BALL" jdbcType="VARCHAR" property="redFourBall" />
    <result column="RED_FIVE_BALL" jdbcType="VARCHAR" property="redFiveBall" />
    <result column="RED_SIX_BALL" jdbcType="VARCHAR" property="redSixBall" />
    <result column="BLUE_BALL" jdbcType="VARCHAR" property="blueBall" />
    <result column="ODD_EVEN_DATA" jdbcType="INTEGER" property="oddEvenData" />
    <result column="CREATION_DATE" jdbcType="TIMESTAMP" property="creationDate" />
  </resultMap>
  <sql id="Example_Where_Clause">
    <!--
      WARNING - @mbggenerated
      This element is automatically generated by MyBatis Generator, do not modify.
    -->
    <where>
      <foreach collection="oredCriteria" item="criteria" separator="or">
        <if test="criteria.valid">
          <trim prefix="(" prefixOverrides="and" suffix=")">
            <foreach collection="criteria.criteria" item="criterion">
              <choose>
                <when test="criterion.noValue">
                  and ${criterion.condition}
                </when>
                <when test="criterion.singleValue">
                  and ${criterion.condition} #{criterion.value}
                </when>
                <when test="criterion.betweenValue">
                  and ${criterion.condition} #{criterion.value} and #{criterion.secondValue}
                </when>
                <when test="criterion.listValue">
                  and ${criterion.condition}
                  <foreach close=")" collection="criterion.value" item="listItem" open="(" separator=",">
                    #{listItem}
                  </foreach>
                </when>
              </choose>
            </foreach>
          </trim>
        </if>
      </foreach>
    </where>
  </sql>
  <sql id="Update_By_Example_Where_Clause">
    <!--
      WARNING - @mbggenerated
      This element is automatically generated by MyBatis Generator, do not modify.
    -->
    <where>
      <foreach collection="example.oredCriteria" item="criteria" separator="or">
        <if test="criteria.valid">
          <trim prefix="(" prefixOverrides="and" suffix=")">
            <foreach collection="criteria.criteria" item="criterion">
              <choose>
                <when test="criterion.noValue">
                  and ${criterion.condition}
                </when>
                <when test="criterion.singleValue">
                  and ${criterion.condition} #{criterion.value}
                </when>
                <when test="criterion.betweenValue">
                  and ${criterion.condition} #{criterion.value} and #{criterion.secondValue}
                </when>
                <when test="criterion.listValue">
                  and ${criterion.condition}
                  <foreach close=")" collection="criterion.value" item="listItem" open="(" separator=",">
                    #{listItem}
                  </foreach>
                </when>
              </choose>
            </foreach>
          </trim>
        </if>
      </foreach>
    </where>
  </sql>
  <sql id="Base_Column_List">
    <!--
      WARNING - @mbggenerated
      This element is automatically generated by MyBatis Generator, do not modify.
    -->
    PERIOD_ID, PERIOD_NUMBER, RED_ONE_BALL, RED_TWO_BALL, RED_THREE_BALL, RED_FOUR_BALL, 
    RED_FIVE_BALL, RED_SIX_BALL, BLUE_BALL, ODD_EVEN_DATA, CREATION_DATE
  </sql>
  <select id="selectByExample" parameterType="com.fucai.model.BasePeriodExample" resultMap="BaseResultMap">
    <!--
      WARNING - @mbggenerated
      This element is automatically generated by MyBatis Generator, do not modify.
    -->
    select
    <if test="distinct">
      distinct
    </if>
    'true' as QUERYID,
    <include refid="Base_Column_List" />
    from base_period
    <if test="_parameter != null">
      <include refid="Example_Where_Clause" />
    </if>
    <if test="orderByClause != null">
      order by ${orderByClause}
    </if>
  </select>
  <select id="selectByPrimaryKey" parameterType="java.lang.Integer" resultMap="BaseResultMap">
    <!--
      WARNING - @mbggenerated
      This element is automatically generated by MyBatis Generator, do not modify.
    -->
    select 
    <include refid="Base_Column_List" />
    from base_period
    where PERIOD_ID = #{periodId,jdbcType=INTEGER}
  </select>
  <delete id="deleteByPrimaryKey" parameterType="java.lang.Integer">
    <!--
      WARNING - @mbggenerated
      This element is automatically generated by MyBatis Generator, do not modify.
    -->
    delete from base_period
    where PERIOD_ID = #{periodId,jdbcType=INTEGER}
  </delete>
  <delete id="deleteByExample" parameterType="com.fucai.model.BasePeriodExample">
    <!--
      WARNING - @mbggenerated
      This element is automatically generated by MyBatis Generator, do not modify.
    -->
    delete from base_period
    <if test="_parameter != null">
      <include refid="Example_Where_Clause" />
    </if>
  </delete>
  <insert id="insert" parameterType="com.fucai.model.BasePeriod">
    <!--
      WARNING - @mbggenerated
      This element is automatically generated by MyBatis Generator, do not modify.
    -->
    insert into base_period (PERIOD_ID, PERIOD_NUMBER, RED_ONE_BALL, 
      RED_TWO_BALL, RED_THREE_BALL, RED_FOUR_BALL, 
      RED_FIVE_BALL, RED_SIX_BALL, BLUE_BALL, 
      ODD_EVEN_DATA, CREATION_DATE)
    values (#{periodId,jdbcType=INTEGER}, #{periodNumber,jdbcType=VARCHAR}, #{redOneBall,jdbcType=VARCHAR}, 
      #{redTwoBall,jdbcType=VARCHAR}, #{redThreeBall,jdbcType=VARCHAR}, #{redFourBall,jdbcType=VARCHAR}, 
      #{redFiveBall,jdbcType=VARCHAR}, #{redSixBall,jdbcType=VARCHAR}, #{blueBall,jdbcType=VARCHAR}, 
      #{oddEvenData,jdbcType=INTEGER}, #{creationDate,jdbcType=TIMESTAMP})
  </insert>
  <insert id="insertSelective" parameterType="com.fucai.model.BasePeriod">
    <!--
      WARNING - @mbggenerated
      This element is automatically generated by MyBatis Generator, do not modify.
    -->
    insert into base_period
    <trim prefix="(" suffix=")" suffixOverrides=",">
      <if test="periodId != null">
        PERIOD_ID,
      </if>
      <if test="periodNumber != null">
        PERIOD_NUMBER,
      </if>
      <if test="redOneBall != null">
        RED_ONE_BALL,
      </if>
      <if test="redTwoBall != null">
        RED_TWO_BALL,
      </if>
      <if test="redThreeBall != null">
        RED_THREE_BALL,
      </if>
      <if test="redFourBall != null">
        RED_FOUR_BALL,
      </if>
      <if test="redFiveBall != null">
        RED_FIVE_BALL,
      </if>
      <if test="redSixBall != null">
        RED_SIX_BALL,
      </if>
      <if test="blueBall != null">
        BLUE_BALL,
      </if>
      <if test="oddEvenData != null">
        ODD_EVEN_DATA,
      </if>
      <if test="creationDate != null">
        CREATION_DATE,
      </if>
    </trim>
    <trim prefix="values (" suffix=")" suffixOverrides=",">
      <if test="periodId != null">
        #{periodId,jdbcType=INTEGER},
      </if>
      <if test="periodNumber != null">
        #{periodNumber,jdbcType=VARCHAR},
      </if>
      <if test="redOneBall != null">
        #{redOneBall,jdbcType=VARCHAR},
      </if>
      <if test="redTwoBall != null">
        #{redTwoBall,jdbcType=VARCHAR},
      </if>
      <if test="redThreeBall != null">
        #{redThreeBall,jdbcType=VARCHAR},
      </if>
      <if test="redFourBall != null">
        #{redFourBall,jdbcType=VARCHAR},
      </if>
      <if test="redFiveBall != null">
        #{redFiveBall,jdbcType=VARCHAR},
      </if>
      <if test="redSixBall != null">
        #{redSixBall,jdbcType=VARCHAR},
      </if>
      <if test="blueBall != null">
        #{blueBall,jdbcType=VARCHAR},
      </if>
      <if test="oddEvenData != null">
        #{oddEvenData,jdbcType=INTEGER},
      </if>
      <if test="creationDate != null">
        #{creationDate,jdbcType=TIMESTAMP},
      </if>
    </trim>
  </insert>
  <select id="countByExample" parameterType="com.fucai.model.BasePeriodExample" resultType="java.lang.Integer">
    <!--
      WARNING - @mbggenerated
      This element is automatically generated by MyBatis Generator, do not modify.
    -->
    select count(*) from base_period
    <if test="_parameter != null">
      <include refid="Example_Where_Clause" />
    </if>
  </select>
  <update id="updateByExampleSelective" parameterType="map">
    <!--
      WARNING - @mbggenerated
      This element is automatically generated by MyBatis Generator, do not modify.
    -->
    update base_period
    <set>
      <if test="record.periodId != null">
        PERIOD_ID = #{record.periodId,jdbcType=INTEGER},
      </if>
      <if test="record.periodNumber != null">
        PERIOD_NUMBER = #{record.periodNumber,jdbcType=VARCHAR},
      </if>
      <if test="record.redOneBall != null">
        RED_ONE_BALL = #{record.redOneBall,jdbcType=VARCHAR},
      </if>
      <if test="record.redTwoBall != null">
        RED_TWO_BALL = #{record.redTwoBall,jdbcType=VARCHAR},
      </if>
      <if test="record.redThreeBall != null">
        RED_THREE_BALL = #{record.redThreeBall,jdbcType=VARCHAR},
      </if>
      <if test="record.redFourBall != null">
        RED_FOUR_BALL = #{record.redFourBall,jdbcType=VARCHAR},
      </if>
      <if test="record.redFiveBall != null">
        RED_FIVE_BALL = #{record.redFiveBall,jdbcType=VARCHAR},
      </if>
      <if test="record.redSixBall != null">
        RED_SIX_BALL = #{record.redSixBall,jdbcType=VARCHAR},
      </if>
      <if test="record.blueBall != null">
        BLUE_BALL = #{record.blueBall,jdbcType=VARCHAR},
      </if>
      <if test="record.oddEvenData != null">
        ODD_EVEN_DATA = #{record.oddEvenData,jdbcType=INTEGER},
      </if>
      <if test="record.creationDate != null">
        CREATION_DATE = #{record.creationDate,jdbcType=TIMESTAMP},
      </if>
    </set>
    <if test="_parameter != null">
      <include refid="Update_By_Example_Where_Clause" />
    </if>
  </update>
  <update id="updateByExample" parameterType="map">
    <!--
      WARNING - @mbggenerated
      This element is automatically generated by MyBatis Generator, do not modify.
    -->
    update base_period
    set PERIOD_ID = #{record.periodId,jdbcType=INTEGER},
      PERIOD_NUMBER = #{record.periodNumber,jdbcType=VARCHAR},
      RED_ONE_BALL = #{record.redOneBall,jdbcType=VARCHAR},
      RED_TWO_BALL = #{record.redTwoBall,jdbcType=VARCHAR},
      RED_THREE_BALL = #{record.redThreeBall,jdbcType=VARCHAR},
      RED_FOUR_BALL = #{record.redFourBall,jdbcType=VARCHAR},
      RED_FIVE_BALL = #{record.redFiveBall,jdbcType=VARCHAR},
      RED_SIX_BALL = #{record.redSixBall,jdbcType=VARCHAR},
      BLUE_BALL = #{record.blueBall,jdbcType=VARCHAR},
      ODD_EVEN_DATA = #{record.oddEvenData,jdbcType=INTEGER},
      CREATION_DATE = #{record.creationDate,jdbcType=TIMESTAMP}
    <if test="_parameter != null">
      <include refid="Update_By_Example_Where_Clause" />
    </if>
  </update>
  <update id="updateByPrimaryKeySelective" parameterType="com.fucai.model.BasePeriod">
    <!--
      WARNING - @mbggenerated
      This element is automatically generated by MyBatis Generator, do not modify.
    -->
    update base_period
    <set>
      <if test="periodNumber != null">
        PERIOD_NUMBER = #{periodNumber,jdbcType=VARCHAR},
      </if>
      <if test="redOneBall != null">
        RED_ONE_BALL = #{redOneBall,jdbcType=VARCHAR},
      </if>
      <if test="redTwoBall != null">
        RED_TWO_BALL = #{redTwoBall,jdbcType=VARCHAR},
      </if>
      <if test="redThreeBall != null">
        RED_THREE_BALL = #{redThreeBall,jdbcType=VARCHAR},
      </if>
      <if test="redFourBall != null">
        RED_FOUR_BALL = #{redFourBall,jdbcType=VARCHAR},
      </if>
      <if test="redFiveBall != null">
        RED_FIVE_BALL = #{redFiveBall,jdbcType=VARCHAR},
      </if>
      <if test="redSixBall != null">
        RED_SIX_BALL = #{redSixBall,jdbcType=VARCHAR},
      </if>
      <if test="blueBall != null">
        BLUE_BALL = #{blueBall,jdbcType=VARCHAR},
      </if>
      <if test="oddEvenData != null">
        ODD_EVEN_DATA = #{oddEvenData,jdbcType=INTEGER},
      </if>
      <if test="creationDate != null">
        CREATION_DATE = #{creationDate,jdbcType=TIMESTAMP},
      </if>
    </set>
    where PERIOD_ID = #{periodId,jdbcType=INTEGER}
  </update>
  <update id="updateByPrimaryKey" parameterType="com.fucai.model.BasePeriod">
    <!--
      WARNING - @mbggenerated
      This element is automatically generated by MyBatis Generator, do not modify.
    -->
    update base_period
    set PERIOD_NUMBER = #{periodNumber,jdbcType=VARCHAR},
      RED_ONE_BALL = #{redOneBall,jdbcType=VARCHAR},
      RED_TWO_BALL = #{redTwoBall,jdbcType=VARCHAR},
      RED_THREE_BALL = #{redThreeBall,jdbcType=VARCHAR},
      RED_FOUR_BALL = #{redFourBall,jdbcType=VARCHAR},
      RED_FIVE_BALL = #{redFiveBall,jdbcType=VARCHAR},
      RED_SIX_BALL = #{redSixBall,jdbcType=VARCHAR},
      BLUE_BALL = #{blueBall,jdbcType=VARCHAR},
      ODD_EVEN_DATA = #{oddEvenData,jdbcType=INTEGER},
      CREATION_DATE = #{creationDate,jdbcType=TIMESTAMP}
    where PERIOD_ID = #{periodId,jdbcType=INTEGER}
  </update>
</mapper>