<?xml version="1.0" encoding="UTF-8"?>
<!DOCTYPE mapper PUBLIC "-//mybatis.org//DTD Mapper 3.0//EN" "http://mybatis.org/dtd/mybatis-3-mapper.dtd">
<mapper namespace="com.fucai.dao.DataLocationProbabilityMapper">
  <resultMap id="BaseResultMap" type="com.fucai.model.DataLocationProbability">
    <!--
      WARNING - @mbggenerated
      This element is automatically generated by MyBatis Generator, do not modify.
    -->
    <id column="DATA_LOCATION_PROBABILITY_ID" jdbcType="INTEGER" property="dataLocationProbabilityId" />
    <result column="APPEAR_DATA" jdbcType="VARCHAR" property="appearData" />
    <result column="LOCATION_ONE_PROBABILITY" jdbcType="DECIMAL" property="locationOneProbability" />
    <result column="LOCATION_TWO_PROBABILITY" jdbcType="DECIMAL" property="locationTwoProbability" />
    <result column="LOCATION_THREE_PROBABILITY" jdbcType="DECIMAL" property="locationThreeProbability" />
    <result column="LOCATION_FOUR_PROBABILITY" jdbcType="DECIMAL" property="locationFourProbability" />
    <result column="LOCATION_FIVE_PROBABILITY" jdbcType="DECIMAL" property="locationFiveProbability" />
    <result column="LOCATION_SIX_PROBABILITY" jdbcType="DECIMAL" property="locationSixProbability" />
    <result column="LAST_UPDATE_DATA" jdbcType="TIMESTAMP" property="lastUpdateData" />
  </resultMap>
  <sql id="Example_Where_Clause">
    <!--
      WARNING - @mbggenerated
      This element is automatically generated by MyBatis Generator, do not modify.
    -->
    <where>
      <foreach collection="oredCriteria" item="criteria" separator="or">
        <if test="criteria.valid">
          <trim prefix="(" prefixOverrides="and" suffix=")">
            <foreach collection="criteria.criteria" item="criterion">
              <choose>
                <when test="criterion.noValue">
                  and ${criterion.condition}
                </when>
                <when test="criterion.singleValue">
                  and ${criterion.condition} #{criterion.value}
                </when>
                <when test="criterion.betweenValue">
                  and ${criterion.condition} #{criterion.value} and #{criterion.secondValue}
                </when>
                <when test="criterion.listValue">
                  and ${criterion.condition}
                  <foreach close=")" collection="criterion.value" item="listItem" open="(" separator=",">
                    #{listItem}
                  </foreach>
                </when>
              </choose>
            </foreach>
          </trim>
        </if>
      </foreach>
    </where>
  </sql>
  <sql id="Update_By_Example_Where_Clause">
    <!--
      WARNING - @mbggenerated
      This element is automatically generated by MyBatis Generator, do not modify.
    -->
    <where>
      <foreach collection="example.oredCriteria" item="criteria" separator="or">
        <if test="criteria.valid">
          <trim prefix="(" prefixOverrides="and" suffix=")">
            <foreach collection="criteria.criteria" item="criterion">
              <choose>
                <when test="criterion.noValue">
                  and ${criterion.condition}
                </when>
                <when test="criterion.singleValue">
                  and ${criterion.condition} #{criterion.value}
                </when>
                <when test="criterion.betweenValue">
                  and ${criterion.condition} #{criterion.value} and #{criterion.secondValue}
                </when>
                <when test="criterion.listValue">
                  and ${criterion.condition}
                  <foreach close=")" collection="criterion.value" item="listItem" open="(" separator=",">
                    #{listItem}
                  </foreach>
                </when>
              </choose>
            </foreach>
          </trim>
        </if>
      </foreach>
    </where>
  </sql>
  <sql id="Base_Column_List">
    <!--
      WARNING - @mbggenerated
      This element is automatically generated by MyBatis Generator, do not modify.
    -->
    DATA_LOCATION_PROBABILITY_ID, APPEAR_DATA, LOCATION_ONE_PROBABILITY, LOCATION_TWO_PROBABILITY, 
    LOCATION_THREE_PROBABILITY, LOCATION_FOUR_PROBABILITY, LOCATION_FIVE_PROBABILITY, 
    LOCATION_SIX_PROBABILITY, LAST_UPDATE_DATA
  </sql>
  <select id="selectByExample" parameterType="com.fucai.model.DataLocationProbabilityExample" resultMap="BaseResultMap">
    <!--
      WARNING - @mbggenerated
      This element is automatically generated by MyBatis Generator, do not modify.
    -->
    select
    <if test="distinct">
      distinct
    </if>
    'true' as QUERYID,
    <include refid="Base_Column_List" />
    from data_location_probability
    <if test="_parameter != null">
      <include refid="Example_Where_Clause" />
    </if>
    <if test="orderByClause != null">
      order by ${orderByClause}
    </if>
  </select>
  <select id="selectByPrimaryKey" parameterType="java.lang.Integer" resultMap="BaseResultMap">
    <!--
      WARNING - @mbggenerated
      This element is automatically generated by MyBatis Generator, do not modify.
    -->
    select 
    <include refid="Base_Column_List" />
    from data_location_probability
    where DATA_LOCATION_PROBABILITY_ID = #{dataLocationProbabilityId,jdbcType=INTEGER}
  </select>
  <delete id="deleteByPrimaryKey" parameterType="java.lang.Integer">
    <!--
      WARNING - @mbggenerated
      This element is automatically generated by MyBatis Generator, do not modify.
    -->
    delete from data_location_probability
    where DATA_LOCATION_PROBABILITY_ID = #{dataLocationProbabilityId,jdbcType=INTEGER}
  </delete>
  <delete id="deleteByExample" parameterType="com.fucai.model.DataLocationProbabilityExample">
    <!--
      WARNING - @mbggenerated
      This element is automatically generated by MyBatis Generator, do not modify.
    -->
    delete from data_location_probability
    <if test="_parameter != null">
      <include refid="Example_Where_Clause" />
    </if>
  </delete>
  <insert id="insert" parameterType="com.fucai.model.DataLocationProbability">
    <!--
      WARNING - @mbggenerated
      This element is automatically generated by MyBatis Generator, do not modify.
    -->
    insert into data_location_probability (DATA_LOCATION_PROBABILITY_ID, APPEAR_DATA, 
      LOCATION_ONE_PROBABILITY, LOCATION_TWO_PROBABILITY, 
      LOCATION_THREE_PROBABILITY, LOCATION_FOUR_PROBABILITY, 
      LOCATION_FIVE_PROBABILITY, LOCATION_SIX_PROBABILITY, 
      LAST_UPDATE_DATA)
    values (#{dataLocationProbabilityId,jdbcType=INTEGER}, #{appearData,jdbcType=VARCHAR}, 
      #{locationOneProbability,jdbcType=DECIMAL}, #{locationTwoProbability,jdbcType=DECIMAL}, 
      #{locationThreeProbability,jdbcType=DECIMAL}, #{locationFourProbability,jdbcType=DECIMAL}, 
      #{locationFiveProbability,jdbcType=DECIMAL}, #{locationSixProbability,jdbcType=DECIMAL}, 
      #{lastUpdateData,jdbcType=TIMESTAMP})
  </insert>
  <insert id="insertSelective" parameterType="com.fucai.model.DataLocationProbability">
    <!--
      WARNING - @mbggenerated
      This element is automatically generated by MyBatis Generator, do not modify.
    -->
    insert into data_location_probability
    <trim prefix="(" suffix=")" suffixOverrides=",">
      <if test="dataLocationProbabilityId != null">
        DATA_LOCATION_PROBABILITY_ID,
      </if>
      <if test="appearData != null">
        APPEAR_DATA,
      </if>
      <if test="locationOneProbability != null">
        LOCATION_ONE_PROBABILITY,
      </if>
      <if test="locationTwoProbability != null">
        LOCATION_TWO_PROBABILITY,
      </if>
      <if test="locationThreeProbability != null">
        LOCATION_THREE_PROBABILITY,
      </if>
      <if test="locationFourProbability != null">
        LOCATION_FOUR_PROBABILITY,
      </if>
      <if test="locationFiveProbability != null">
        LOCATION_FIVE_PROBABILITY,
      </if>
      <if test="locationSixProbability != null">
        LOCATION_SIX_PROBABILITY,
      </if>
      <if test="lastUpdateData != null">
        LAST_UPDATE_DATA,
      </if>
    </trim>
    <trim prefix="values (" suffix=")" suffixOverrides=",">
      <if test="dataLocationProbabilityId != null">
        #{dataLocationProbabilityId,jdbcType=INTEGER},
      </if>
      <if test="appearData != null">
        #{appearData,jdbcType=VARCHAR},
      </if>
      <if test="locationOneProbability != null">
        #{locationOneProbability,jdbcType=DECIMAL},
      </if>
      <if test="locationTwoProbability != null">
        #{locationTwoProbability,jdbcType=DECIMAL},
      </if>
      <if test="locationThreeProbability != null">
        #{locationThreeProbability,jdbcType=DECIMAL},
      </if>
      <if test="locationFourProbability != null">
        #{locationFourProbability,jdbcType=DECIMAL},
      </if>
      <if test="locationFiveProbability != null">
        #{locationFiveProbability,jdbcType=DECIMAL},
      </if>
      <if test="locationSixProbability != null">
        #{locationSixProbability,jdbcType=DECIMAL},
      </if>
      <if test="lastUpdateData != null">
        #{lastUpdateData,jdbcType=TIMESTAMP},
      </if>
    </trim>
  </insert>
  <select id="countByExample" parameterType="com.fucai.model.DataLocationProbabilityExample" resultType="java.lang.Integer">
    <!--
      WARNING - @mbggenerated
      This element is automatically generated by MyBatis Generator, do not modify.
    -->
    select count(*) from data_location_probability
    <if test="_parameter != null">
      <include refid="Example_Where_Clause" />
    </if>
  </select>
  <update id="updateByExampleSelective" parameterType="map">
    <!--
      WARNING - @mbggenerated
      This element is automatically generated by MyBatis Generator, do not modify.
    -->
    update data_location_probability
    <set>
      <if test="record.dataLocationProbabilityId != null">
        DATA_LOCATION_PROBABILITY_ID = #{record.dataLocationProbabilityId,jdbcType=INTEGER},
      </if>
      <if test="record.appearData != null">
        APPEAR_DATA = #{record.appearData,jdbcType=VARCHAR},
      </if>
      <if test="record.locationOneProbability != null">
        LOCATION_ONE_PROBABILITY = #{record.locationOneProbability,jdbcType=DECIMAL},
      </if>
      <if test="record.locationTwoProbability != null">
        LOCATION_TWO_PROBABILITY = #{record.locationTwoProbability,jdbcType=DECIMAL},
      </if>
      <if test="record.locationThreeProbability != null">
        LOCATION_THREE_PROBABILITY = #{record.locationThreeProbability,jdbcType=DECIMAL},
      </if>
      <if test="record.locationFourProbability != null">
        LOCATION_FOUR_PROBABILITY = #{record.locationFourProbability,jdbcType=DECIMAL},
      </if>
      <if test="record.locationFiveProbability != null">
        LOCATION_FIVE_PROBABILITY = #{record.locationFiveProbability,jdbcType=DECIMAL},
      </if>
      <if test="record.locationSixProbability != null">
        LOCATION_SIX_PROBABILITY = #{record.locationSixProbability,jdbcType=DECIMAL},
      </if>
      <if test="record.lastUpdateData != null">
        LAST_UPDATE_DATA = #{record.lastUpdateData,jdbcType=TIMESTAMP},
      </if>
    </set>
    <if test="_parameter != null">
      <include refid="Update_By_Example_Where_Clause" />
    </if>
  </update>
  <update id="updateByExample" parameterType="map">
    <!--
      WARNING - @mbggenerated
      This element is automatically generated by MyBatis Generator, do not modify.
    -->
    update data_location_probability
    set DATA_LOCATION_PROBABILITY_ID = #{record.dataLocationProbabilityId,jdbcType=INTEGER},
      APPEAR_DATA = #{record.appearData,jdbcType=VARCHAR},
      LOCATION_ONE_PROBABILITY = #{record.locationOneProbability,jdbcType=DECIMAL},
      LOCATION_TWO_PROBABILITY = #{record.locationTwoProbability,jdbcType=DECIMAL},
      LOCATION_THREE_PROBABILITY = #{record.locationThreeProbability,jdbcType=DECIMAL},
      LOCATION_FOUR_PROBABILITY = #{record.locationFourProbability,jdbcType=DECIMAL},
      LOCATION_FIVE_PROBABILITY = #{record.locationFiveProbability,jdbcType=DECIMAL},
      LOCATION_SIX_PROBABILITY = #{record.locationSixProbability,jdbcType=DECIMAL},
      LAST_UPDATE_DATA = #{record.lastUpdateData,jdbcType=TIMESTAMP}
    <if test="_parameter != null">
      <include refid="Update_By_Example_Where_Clause" />
    </if>
  </update>
  <update id="updateByPrimaryKeySelective" parameterType="com.fucai.model.DataLocationProbability">
    <!--
      WARNING - @mbggenerated
      This element is automatically generated by MyBatis Generator, do not modify.
    -->
    update data_location_probability
    <set>
      <if test="appearData != null">
        APPEAR_DATA = #{appearData,jdbcType=VARCHAR},
      </if>
      <if test="locationOneProbability != null">
        LOCATION_ONE_PROBABILITY = #{locationOneProbability,jdbcType=DECIMAL},
      </if>
      <if test="locationTwoProbability != null">
        LOCATION_TWO_PROBABILITY = #{locationTwoProbability,jdbcType=DECIMAL},
      </if>
      <if test="locationThreeProbability != null">
        LOCATION_THREE_PROBABILITY = #{locationThreeProbability,jdbcType=DECIMAL},
      </if>
      <if test="locationFourProbability != null">
        LOCATION_FOUR_PROBABILITY = #{locationFourProbability,jdbcType=DECIMAL},
      </if>
      <if test="locationFiveProbability != null">
        LOCATION_FIVE_PROBABILITY = #{locationFiveProbability,jdbcType=DECIMAL},
      </if>
      <if test="locationSixProbability != null">
        LOCATION_SIX_PROBABILITY = #{locationSixProbability,jdbcType=DECIMAL},
      </if>
      <if test="lastUpdateData != null">
        LAST_UPDATE_DATA = #{lastUpdateData,jdbcType=TIMESTAMP},
      </if>
    </set>
    where DATA_LOCATION_PROBABILITY_ID = #{dataLocationProbabilityId,jdbcType=INTEGER}
  </update>
  <update id="updateByPrimaryKey" parameterType="com.fucai.model.DataLocationProbability">
    <!--
      WARNING - @mbggenerated
      This element is automatically generated by MyBatis Generator, do not modify.
    -->
    update data_location_probability
    set APPEAR_DATA = #{appearData,jdbcType=VARCHAR},
      LOCATION_ONE_PROBABILITY = #{locationOneProbability,jdbcType=DECIMAL},
      LOCATION_TWO_PROBABILITY = #{locationTwoProbability,jdbcType=DECIMAL},
      LOCATION_THREE_PROBABILITY = #{locationThreeProbability,jdbcType=DECIMAL},
      LOCATION_FOUR_PROBABILITY = #{locationFourProbability,jdbcType=DECIMAL},
      LOCATION_FIVE_PROBABILITY = #{locationFiveProbability,jdbcType=DECIMAL},
      LOCATION_SIX_PROBABILITY = #{locationSixProbability,jdbcType=DECIMAL},
      LAST_UPDATE_DATA = #{lastUpdateData,jdbcType=TIMESTAMP}
    where DATA_LOCATION_PROBABILITY_ID = #{dataLocationProbabilityId,jdbcType=INTEGER}
  </update>
</mapper>