<?xml version="1.0" encoding="UTF-8"?>
<!DOCTYPE mapper PUBLIC "-//mybatis.org//DTD Mapper 3.0//EN" "http://mybatis.org/dtd/mybatis-3-mapper.dtd">
<mapper namespace="com.fucai.dao.FiftyRedBallProbabilityMapper">
  <resultMap id="BaseResultMap" type="com.fucai.model.FiftyRedBallProbability">
    <!--
      WARNING - @mbggenerated
      This element is automatically generated by MyBatis Generator, do not modify.
    -->
    <id column="BALL_PROBABILITY_ID" jdbcType="INTEGER" property="ballProbabilityId" />
    <result column="RED_BALL_ONE" jdbcType="DECIMAL" property="redBallOne" />
    <result column="RED_BALL_TWO" jdbcType="DECIMAL" property="redBallTwo" />
    <result column="RED_BALL_THREE" jdbcType="DECIMAL" property="redBallThree" />
    <result column="RED_BALL_FOUR" jdbcType="DECIMAL" property="redBallFour" />
    <result column="RED_BALL_FIVE" jdbcType="DECIMAL" property="redBallFive" />
    <result column="RED_BALL_SIX" jdbcType="DECIMAL" property="redBallSix" />
    <result column="RED_BALL_SEVEN" jdbcType="DECIMAL" property="redBallSeven" />
    <result column="RED_BALL_EIGHT" jdbcType="DECIMAL" property="redBallEight" />
    <result column="RED_BALL_NINE" jdbcType="DECIMAL" property="redBallNine" />
    <result column="RED_BALL_TEN" jdbcType="DECIMAL" property="redBallTen" />
    <result column="RED_BALL_ELEVEN" jdbcType="DECIMAL" property="redBallEleven" />
    <result column="RED_BALL_TWELVE" jdbcType="DECIMAL" property="redBallTwelve" />
    <result column="RED_BALL_THIRTEEN" jdbcType="DECIMAL" property="redBallThirteen" />
    <result column="RED_BALL_FOURTEEN" jdbcType="DECIMAL" property="redBallFourteen" />
    <result column="RED_BALL_FIFTEEN" jdbcType="DECIMAL" property="redBallFifteen" />
    <result column="RED_BALL_SIXTEEN" jdbcType="DECIMAL" property="redBallSixteen" />
    <result column="RED_BALL_SEVENTEEN" jdbcType="DECIMAL" property="redBallSeventeen" />
    <result column="RED_BALL_EIGHTEEN" jdbcType="DECIMAL" property="redBallEighteen" />
    <result column="RED_BALL_NINETEEN" jdbcType="DECIMAL" property="redBallNineteen" />
    <result column="RED_BALL_TWENTY" jdbcType="DECIMAL" property="redBallTwenty" />
    <result column="RED_BALL_TWENTY_ONE" jdbcType="DECIMAL" property="redBallTwentyOne" />
    <result column="RED_BALL_TWENTY_TWO" jdbcType="DECIMAL" property="redBallTwentyTwo" />
    <result column="RED_BALL_TWENTY_THREE" jdbcType="DECIMAL" property="redBallTwentyThree" />
    <result column="RED_BALL_TWENTY_FOUR" jdbcType="DECIMAL" property="redBallTwentyFour" />
    <result column="RED_BALL_TWENTY_FIVE" jdbcType="DECIMAL" property="redBallTwentyFive" />
    <result column="RED_BALL_TWENTY_SIX" jdbcType="DECIMAL" property="redBallTwentySix" />
    <result column="RED_BALL_TWENTY_SEVEN" jdbcType="DECIMAL" property="redBallTwentySeven" />
    <result column="RED_BALL_TWENTY_EIGHT" jdbcType="DECIMAL" property="redBallTwentyEight" />
    <result column="RED_BALL_TWENTY_NINE" jdbcType="DECIMAL" property="redBallTwentyNine" />
    <result column="RED_BALL_THIRTY" jdbcType="DECIMAL" property="redBallThirty" />
    <result column="RED_BALL_THIRTY_ONE" jdbcType="DECIMAL" property="redBallThirtyOne" />
    <result column="RED_BALL_THIRTY_TWO" jdbcType="DECIMAL" property="redBallThirtyTwo" />
    <result column="RED_BALL_THIRTY_THREE" jdbcType="DECIMAL" property="redBallThirtyThree" />
    <result column="LAST_UPDATE_DATE" jdbcType="TIMESTAMP" property="lastUpdateDate" />
  </resultMap>
  <sql id="Example_Where_Clause">
    <!--
      WARNING - @mbggenerated
      This element is automatically generated by MyBatis Generator, do not modify.
    -->
    <where>
      <foreach collection="oredCriteria" item="criteria" separator="or">
        <if test="criteria.valid">
          <trim prefix="(" prefixOverrides="and" suffix=")">
            <foreach collection="criteria.criteria" item="criterion">
              <choose>
                <when test="criterion.noValue">
                  and ${criterion.condition}
                </when>
                <when test="criterion.singleValue">
                  and ${criterion.condition} #{criterion.value}
                </when>
                <when test="criterion.betweenValue">
                  and ${criterion.condition} #{criterion.value} and #{criterion.secondValue}
                </when>
                <when test="criterion.listValue">
                  and ${criterion.condition}
                  <foreach close=")" collection="criterion.value" item="listItem" open="(" separator=",">
                    #{listItem}
                  </foreach>
                </when>
              </choose>
            </foreach>
          </trim>
        </if>
      </foreach>
    </where>
  </sql>
  <sql id="Update_By_Example_Where_Clause">
    <!--
      WARNING - @mbggenerated
      This element is automatically generated by MyBatis Generator, do not modify.
    -->
    <where>
      <foreach collection="example.oredCriteria" item="criteria" separator="or">
        <if test="criteria.valid">
          <trim prefix="(" prefixOverrides="and" suffix=")">
            <foreach collection="criteria.criteria" item="criterion">
              <choose>
                <when test="criterion.noValue">
                  and ${criterion.condition}
                </when>
                <when test="criterion.singleValue">
                  and ${criterion.condition} #{criterion.value}
                </when>
                <when test="criterion.betweenValue">
                  and ${criterion.condition} #{criterion.value} and #{criterion.secondValue}
                </when>
                <when test="criterion.listValue">
                  and ${criterion.condition}
                  <foreach close=")" collection="criterion.value" item="listItem" open="(" separator=",">
                    #{listItem}
                  </foreach>
                </when>
              </choose>
            </foreach>
          </trim>
        </if>
      </foreach>
    </where>
  </sql>
  <sql id="Base_Column_List">
    <!--
      WARNING - @mbggenerated
      This element is automatically generated by MyBatis Generator, do not modify.
    -->
    BALL_PROBABILITY_ID, RED_BALL_ONE, RED_BALL_TWO, RED_BALL_THREE, RED_BALL_FOUR, RED_BALL_FIVE, 
    RED_BALL_SIX, RED_BALL_SEVEN, RED_BALL_EIGHT, RED_BALL_NINE, RED_BALL_TEN, RED_BALL_ELEVEN, 
    RED_BALL_TWELVE, RED_BALL_THIRTEEN, RED_BALL_FOURTEEN, RED_BALL_FIFTEEN, RED_BALL_SIXTEEN, 
    RED_BALL_SEVENTEEN, RED_BALL_EIGHTEEN, RED_BALL_NINETEEN, RED_BALL_TWENTY, RED_BALL_TWENTY_ONE, 
    RED_BALL_TWENTY_TWO, RED_BALL_TWENTY_THREE, RED_BALL_TWENTY_FOUR, RED_BALL_TWENTY_FIVE, 
    RED_BALL_TWENTY_SIX, RED_BALL_TWENTY_SEVEN, RED_BALL_TWENTY_EIGHT, RED_BALL_TWENTY_NINE, 
    RED_BALL_THIRTY, RED_BALL_THIRTY_ONE, RED_BALL_THIRTY_TWO, RED_BALL_THIRTY_THREE, 
    LAST_UPDATE_DATE
  </sql>
  <select id="selectByExample" parameterType="com.fucai.model.FiftyRedBallProbabilityExample" resultMap="BaseResultMap">
    <!--
      WARNING - @mbggenerated
      This element is automatically generated by MyBatis Generator, do not modify.
    -->
    select
    <if test="distinct">
      distinct
    </if>
    'true' as QUERYID,
    <include refid="Base_Column_List" />
    from fifty_red_ball_probability
    <if test="_parameter != null">
      <include refid="Example_Where_Clause" />
    </if>
    <if test="orderByClause != null">
      order by ${orderByClause}
    </if>
  </select>
  <select id="selectByPrimaryKey" parameterType="java.lang.Integer" resultMap="BaseResultMap">
    <!--
      WARNING - @mbggenerated
      This element is automatically generated by MyBatis Generator, do not modify.
    -->
    select 
    <include refid="Base_Column_List" />
    from fifty_red_ball_probability
    where BALL_PROBABILITY_ID = #{ballProbabilityId,jdbcType=INTEGER}
  </select>
  <delete id="deleteByPrimaryKey" parameterType="java.lang.Integer">
    <!--
      WARNING - @mbggenerated
      This element is automatically generated by MyBatis Generator, do not modify.
    -->
    delete from fifty_red_ball_probability
    where BALL_PROBABILITY_ID = #{ballProbabilityId,jdbcType=INTEGER}
  </delete>
  <delete id="deleteByExample" parameterType="com.fucai.model.FiftyRedBallProbabilityExample">
    <!--
      WARNING - @mbggenerated
      This element is automatically generated by MyBatis Generator, do not modify.
    -->
    delete from fifty_red_ball_probability
    <if test="_parameter != null">
      <include refid="Example_Where_Clause" />
    </if>
  </delete>
  <insert id="insert" parameterType="com.fucai.model.FiftyRedBallProbability">
    <!--
      WARNING - @mbggenerated
      This element is automatically generated by MyBatis Generator, do not modify.
    -->
    insert into fifty_red_ball_probability (BALL_PROBABILITY_ID, RED_BALL_ONE, RED_BALL_TWO, 
      RED_BALL_THREE, RED_BALL_FOUR, RED_BALL_FIVE, 
      RED_BALL_SIX, RED_BALL_SEVEN, RED_BALL_EIGHT, 
      RED_BALL_NINE, RED_BALL_TEN, RED_BALL_ELEVEN, 
      RED_BALL_TWELVE, RED_BALL_THIRTEEN, RED_BALL_FOURTEEN, 
      RED_BALL_FIFTEEN, RED_BALL_SIXTEEN, RED_BALL_SEVENTEEN, 
      RED_BALL_EIGHTEEN, RED_BALL_NINETEEN, RED_BALL_TWENTY, 
      RED_BALL_TWENTY_ONE, RED_BALL_TWENTY_TWO, RED_BALL_TWENTY_THREE, 
      RED_BALL_TWENTY_FOUR, RED_BALL_TWENTY_FIVE, RED_BALL_TWENTY_SIX, 
      RED_BALL_TWENTY_SEVEN, RED_BALL_TWENTY_EIGHT, 
      RED_BALL_TWENTY_NINE, RED_BALL_THIRTY, RED_BALL_THIRTY_ONE, 
      RED_BALL_THIRTY_TWO, RED_BALL_THIRTY_THREE, LAST_UPDATE_DATE
      )
    values (#{ballProbabilityId,jdbcType=INTEGER}, #{redBallOne,jdbcType=DECIMAL}, #{redBallTwo,jdbcType=DECIMAL}, 
      #{redBallThree,jdbcType=DECIMAL}, #{redBallFour,jdbcType=DECIMAL}, #{redBallFive,jdbcType=DECIMAL}, 
      #{redBallSix,jdbcType=DECIMAL}, #{redBallSeven,jdbcType=DECIMAL}, #{redBallEight,jdbcType=DECIMAL}, 
      #{redBallNine,jdbcType=DECIMAL}, #{redBallTen,jdbcType=DECIMAL}, #{redBallEleven,jdbcType=DECIMAL}, 
      #{redBallTwelve,jdbcType=DECIMAL}, #{redBallThirteen,jdbcType=DECIMAL}, #{redBallFourteen,jdbcType=DECIMAL}, 
      #{redBallFifteen,jdbcType=DECIMAL}, #{redBallSixteen,jdbcType=DECIMAL}, #{redBallSeventeen,jdbcType=DECIMAL}, 
      #{redBallEighteen,jdbcType=DECIMAL}, #{redBallNineteen,jdbcType=DECIMAL}, #{redBallTwenty,jdbcType=DECIMAL}, 
      #{redBallTwentyOne,jdbcType=DECIMAL}, #{redBallTwentyTwo,jdbcType=DECIMAL}, #{redBallTwentyThree,jdbcType=DECIMAL}, 
      #{redBallTwentyFour,jdbcType=DECIMAL}, #{redBallTwentyFive,jdbcType=DECIMAL}, #{redBallTwentySix,jdbcType=DECIMAL}, 
      #{redBallTwentySeven,jdbcType=DECIMAL}, #{redBallTwentyEight,jdbcType=DECIMAL}, 
      #{redBallTwentyNine,jdbcType=DECIMAL}, #{redBallThirty,jdbcType=DECIMAL}, #{redBallThirtyOne,jdbcType=DECIMAL}, 
      #{redBallThirtyTwo,jdbcType=DECIMAL}, #{redBallThirtyThree,jdbcType=DECIMAL}, #{lastUpdateDate,jdbcType=TIMESTAMP}
      )
  </insert>
  <insert id="insertSelective" parameterType="com.fucai.model.FiftyRedBallProbability">
    <!--
      WARNING - @mbggenerated
      This element is automatically generated by MyBatis Generator, do not modify.
    -->
    insert into fifty_red_ball_probability
    <trim prefix="(" suffix=")" suffixOverrides=",">
      <if test="ballProbabilityId != null">
        BALL_PROBABILITY_ID,
      </if>
      <if test="redBallOne != null">
        RED_BALL_ONE,
      </if>
      <if test="redBallTwo != null">
        RED_BALL_TWO,
      </if>
      <if test="redBallThree != null">
        RED_BALL_THREE,
      </if>
      <if test="redBallFour != null">
        RED_BALL_FOUR,
      </if>
      <if test="redBallFive != null">
        RED_BALL_FIVE,
      </if>
      <if test="redBallSix != null">
        RED_BALL_SIX,
      </if>
      <if test="redBallSeven != null">
        RED_BALL_SEVEN,
      </if>
      <if test="redBallEight != null">
        RED_BALL_EIGHT,
      </if>
      <if test="redBallNine != null">
        RED_BALL_NINE,
      </if>
      <if test="redBallTen != null">
        RED_BALL_TEN,
      </if>
      <if test="redBallEleven != null">
        RED_BALL_ELEVEN,
      </if>
      <if test="redBallTwelve != null">
        RED_BALL_TWELVE,
      </if>
      <if test="redBallThirteen != null">
        RED_BALL_THIRTEEN,
      </if>
      <if test="redBallFourteen != null">
        RED_BALL_FOURTEEN,
      </if>
      <if test="redBallFifteen != null">
        RED_BALL_FIFTEEN,
      </if>
      <if test="redBallSixteen != null">
        RED_BALL_SIXTEEN,
      </if>
      <if test="redBallSeventeen != null">
        RED_BALL_SEVENTEEN,
      </if>
      <if test="redBallEighteen != null">
        RED_BALL_EIGHTEEN,
      </if>
      <if test="redBallNineteen != null">
        RED_BALL_NINETEEN,
      </if>
      <if test="redBallTwenty != null">
        RED_BALL_TWENTY,
      </if>
      <if test="redBallTwentyOne != null">
        RED_BALL_TWENTY_ONE,
      </if>
      <if test="redBallTwentyTwo != null">
        RED_BALL_TWENTY_TWO,
      </if>
      <if test="redBallTwentyThree != null">
        RED_BALL_TWENTY_THREE,
      </if>
      <if test="redBallTwentyFour != null">
        RED_BALL_TWENTY_FOUR,
      </if>
      <if test="redBallTwentyFive != null">
        RED_BALL_TWENTY_FIVE,
      </if>
      <if test="redBallTwentySix != null">
        RED_BALL_TWENTY_SIX,
      </if>
      <if test="redBallTwentySeven != null">
        RED_BALL_TWENTY_SEVEN,
      </if>
      <if test="redBallTwentyEight != null">
        RED_BALL_TWENTY_EIGHT,
      </if>
      <if test="redBallTwentyNine != null">
        RED_BALL_TWENTY_NINE,
      </if>
      <if test="redBallThirty != null">
        RED_BALL_THIRTY,
      </if>
      <if test="redBallThirtyOne != null">
        RED_BALL_THIRTY_ONE,
      </if>
      <if test="redBallThirtyTwo != null">
        RED_BALL_THIRTY_TWO,
      </if>
      <if test="redBallThirtyThree != null">
        RED_BALL_THIRTY_THREE,
      </if>
      <if test="lastUpdateDate != null">
        LAST_UPDATE_DATE,
      </if>
    </trim>
    <trim prefix="values (" suffix=")" suffixOverrides=",">
      <if test="ballProbabilityId != null">
        #{ballProbabilityId,jdbcType=INTEGER},
      </if>
      <if test="redBallOne != null">
        #{redBallOne,jdbcType=DECIMAL},
      </if>
      <if test="redBallTwo != null">
        #{redBallTwo,jdbcType=DECIMAL},
      </if>
      <if test="redBallThree != null">
        #{redBallThree,jdbcType=DECIMAL},
      </if>
      <if test="redBallFour != null">
        #{redBallFour,jdbcType=DECIMAL},
      </if>
      <if test="redBallFive != null">
        #{redBallFive,jdbcType=DECIMAL},
      </if>
      <if test="redBallSix != null">
        #{redBallSix,jdbcType=DECIMAL},
      </if>
      <if test="redBallSeven != null">
        #{redBallSeven,jdbcType=DECIMAL},
      </if>
      <if test="redBallEight != null">
        #{redBallEight,jdbcType=DECIMAL},
      </if>
      <if test="redBallNine != null">
        #{redBallNine,jdbcType=DECIMAL},
      </if>
      <if test="redBallTen != null">
        #{redBallTen,jdbcType=DECIMAL},
      </if>
      <if test="redBallEleven != null">
        #{redBallEleven,jdbcType=DECIMAL},
      </if>
      <if test="redBallTwelve != null">
        #{redBallTwelve,jdbcType=DECIMAL},
      </if>
      <if test="redBallThirteen != null">
        #{redBallThirteen,jdbcType=DECIMAL},
      </if>
      <if test="redBallFourteen != null">
        #{redBallFourteen,jdbcType=DECIMAL},
      </if>
      <if test="redBallFifteen != null">
        #{redBallFifteen,jdbcType=DECIMAL},
      </if>
      <if test="redBallSixteen != null">
        #{redBallSixteen,jdbcType=DECIMAL},
      </if>
      <if test="redBallSeventeen != null">
        #{redBallSeventeen,jdbcType=DECIMAL},
      </if>
      <if test="redBallEighteen != null">
        #{redBallEighteen,jdbcType=DECIMAL},
      </if>
      <if test="redBallNineteen != null">
        #{redBallNineteen,jdbcType=DECIMAL},
      </if>
      <if test="redBallTwenty != null">
        #{redBallTwenty,jdbcType=DECIMAL},
      </if>
      <if test="redBallTwentyOne != null">
        #{redBallTwentyOne,jdbcType=DECIMAL},
      </if>
      <if test="redBallTwentyTwo != null">
        #{redBallTwentyTwo,jdbcType=DECIMAL},
      </if>
      <if test="redBallTwentyThree != null">
        #{redBallTwentyThree,jdbcType=DECIMAL},
      </if>
      <if test="redBallTwentyFour != null">
        #{redBallTwentyFour,jdbcType=DECIMAL},
      </if>
      <if test="redBallTwentyFive != null">
        #{redBallTwentyFive,jdbcType=DECIMAL},
      </if>
      <if test="redBallTwentySix != null">
        #{redBallTwentySix,jdbcType=DECIMAL},
      </if>
      <if test="redBallTwentySeven != null">
        #{redBallTwentySeven,jdbcType=DECIMAL},
      </if>
      <if test="redBallTwentyEight != null">
        #{redBallTwentyEight,jdbcType=DECIMAL},
      </if>
      <if test="redBallTwentyNine != null">
        #{redBallTwentyNine,jdbcType=DECIMAL},
      </if>
      <if test="redBallThirty != null">
        #{redBallThirty,jdbcType=DECIMAL},
      </if>
      <if test="redBallThirtyOne != null">
        #{redBallThirtyOne,jdbcType=DECIMAL},
      </if>
      <if test="redBallThirtyTwo != null">
        #{redBallThirtyTwo,jdbcType=DECIMAL},
      </if>
      <if test="redBallThirtyThree != null">
        #{redBallThirtyThree,jdbcType=DECIMAL},
      </if>
      <if test="lastUpdateDate != null">
        #{lastUpdateDate,jdbcType=TIMESTAMP},
      </if>
    </trim>
  </insert>
  <select id="countByExample" parameterType="com.fucai.model.FiftyRedBallProbabilityExample" resultType="java.lang.Integer">
    <!--
      WARNING - @mbggenerated
      This element is automatically generated by MyBatis Generator, do not modify.
    -->
    select count(*) from fifty_red_ball_probability
    <if test="_parameter != null">
      <include refid="Example_Where_Clause" />
    </if>
  </select>
  <update id="updateByExampleSelective" parameterType="map">
    <!--
      WARNING - @mbggenerated
      This element is automatically generated by MyBatis Generator, do not modify.
    -->
    update fifty_red_ball_probability
    <set>
      <if test="record.ballProbabilityId != null">
        BALL_PROBABILITY_ID = #{record.ballProbabilityId,jdbcType=INTEGER},
      </if>
      <if test="record.redBallOne != null">
        RED_BALL_ONE = #{record.redBallOne,jdbcType=DECIMAL},
      </if>
      <if test="record.redBallTwo != null">
        RED_BALL_TWO = #{record.redBallTwo,jdbcType=DECIMAL},
      </if>
      <if test="record.redBallThree != null">
        RED_BALL_THREE = #{record.redBallThree,jdbcType=DECIMAL},
      </if>
      <if test="record.redBallFour != null">
        RED_BALL_FOUR = #{record.redBallFour,jdbcType=DECIMAL},
      </if>
      <if test="record.redBallFive != null">
        RED_BALL_FIVE = #{record.redBallFive,jdbcType=DECIMAL},
      </if>
      <if test="record.redBallSix != null">
        RED_BALL_SIX = #{record.redBallSix,jdbcType=DECIMAL},
      </if>
      <if test="record.redBallSeven != null">
        RED_BALL_SEVEN = #{record.redBallSeven,jdbcType=DECIMAL},
      </if>
      <if test="record.redBallEight != null">
        RED_BALL_EIGHT = #{record.redBallEight,jdbcType=DECIMAL},
      </if>
      <if test="record.redBallNine != null">
        RED_BALL_NINE = #{record.redBallNine,jdbcType=DECIMAL},
      </if>
      <if test="record.redBallTen != null">
        RED_BALL_TEN = #{record.redBallTen,jdbcType=DECIMAL},
      </if>
      <if test="record.redBallEleven != null">
        RED_BALL_ELEVEN = #{record.redBallEleven,jdbcType=DECIMAL},
      </if>
      <if test="record.redBallTwelve != null">
        RED_BALL_TWELVE = #{record.redBallTwelve,jdbcType=DECIMAL},
      </if>
      <if test="record.redBallThirteen != null">
        RED_BALL_THIRTEEN = #{record.redBallThirteen,jdbcType=DECIMAL},
      </if>
      <if test="record.redBallFourteen != null">
        RED_BALL_FOURTEEN = #{record.redBallFourteen,jdbcType=DECIMAL},
      </if>
      <if test="record.redBallFifteen != null">
        RED_BALL_FIFTEEN = #{record.redBallFifteen,jdbcType=DECIMAL},
      </if>
      <if test="record.redBallSixteen != null">
        RED_BALL_SIXTEEN = #{record.redBallSixteen,jdbcType=DECIMAL},
      </if>
      <if test="record.redBallSeventeen != null">
        RED_BALL_SEVENTEEN = #{record.redBallSeventeen,jdbcType=DECIMAL},
      </if>
      <if test="record.redBallEighteen != null">
        RED_BALL_EIGHTEEN = #{record.redBallEighteen,jdbcType=DECIMAL},
      </if>
      <if test="record.redBallNineteen != null">
        RED_BALL_NINETEEN = #{record.redBallNineteen,jdbcType=DECIMAL},
      </if>
      <if test="record.redBallTwenty != null">
        RED_BALL_TWENTY = #{record.redBallTwenty,jdbcType=DECIMAL},
      </if>
      <if test="record.redBallTwentyOne != null">
        RED_BALL_TWENTY_ONE = #{record.redBallTwentyOne,jdbcType=DECIMAL},
      </if>
      <if test="record.redBallTwentyTwo != null">
        RED_BALL_TWENTY_TWO = #{record.redBallTwentyTwo,jdbcType=DECIMAL},
      </if>
      <if test="record.redBallTwentyThree != null">
        RED_BALL_TWENTY_THREE = #{record.redBallTwentyThree,jdbcType=DECIMAL},
      </if>
      <if test="record.redBallTwentyFour != null">
        RED_BALL_TWENTY_FOUR = #{record.redBallTwentyFour,jdbcType=DECIMAL},
      </if>
      <if test="record.redBallTwentyFive != null">
        RED_BALL_TWENTY_FIVE = #{record.redBallTwentyFive,jdbcType=DECIMAL},
      </if>
      <if test="record.redBallTwentySix != null">
        RED_BALL_TWENTY_SIX = #{record.redBallTwentySix,jdbcType=DECIMAL},
      </if>
      <if test="record.redBallTwentySeven != null">
        RED_BALL_TWENTY_SEVEN = #{record.redBallTwentySeven,jdbcType=DECIMAL},
      </if>
      <if test="record.redBallTwentyEight != null">
        RED_BALL_TWENTY_EIGHT = #{record.redBallTwentyEight,jdbcType=DECIMAL},
      </if>
      <if test="record.redBallTwentyNine != null">
        RED_BALL_TWENTY_NINE = #{record.redBallTwentyNine,jdbcType=DECIMAL},
      </if>
      <if test="record.redBallThirty != null">
        RED_BALL_THIRTY = #{record.redBallThirty,jdbcType=DECIMAL},
      </if>
      <if test="record.redBallThirtyOne != null">
        RED_BALL_THIRTY_ONE = #{record.redBallThirtyOne,jdbcType=DECIMAL},
      </if>
      <if test="record.redBallThirtyTwo != null">
        RED_BALL_THIRTY_TWO = #{record.redBallThirtyTwo,jdbcType=DECIMAL},
      </if>
      <if test="record.redBallThirtyThree != null">
        RED_BALL_THIRTY_THREE = #{record.redBallThirtyThree,jdbcType=DECIMAL},
      </if>
      <if test="record.lastUpdateDate != null">
        LAST_UPDATE_DATE = #{record.lastUpdateDate,jdbcType=TIMESTAMP},
      </if>
    </set>
    <if test="_parameter != null">
      <include refid="Update_By_Example_Where_Clause" />
    </if>
  </update>
  <update id="updateByExample" parameterType="map">
    <!--
      WARNING - @mbggenerated
      This element is automatically generated by MyBatis Generator, do not modify.
    -->
    update fifty_red_ball_probability
    set BALL_PROBABILITY_ID = #{record.ballProbabilityId,jdbcType=INTEGER},
      RED_BALL_ONE = #{record.redBallOne,jdbcType=DECIMAL},
      RED_BALL_TWO = #{record.redBallTwo,jdbcType=DECIMAL},
      RED_BALL_THREE = #{record.redBallThree,jdbcType=DECIMAL},
      RED_BALL_FOUR = #{record.redBallFour,jdbcType=DECIMAL},
      RED_BALL_FIVE = #{record.redBallFive,jdbcType=DECIMAL},
      RED_BALL_SIX = #{record.redBallSix,jdbcType=DECIMAL},
      RED_BALL_SEVEN = #{record.redBallSeven,jdbcType=DECIMAL},
      RED_BALL_EIGHT = #{record.redBallEight,jdbcType=DECIMAL},
      RED_BALL_NINE = #{record.redBallNine,jdbcType=DECIMAL},
      RED_BALL_TEN = #{record.redBallTen,jdbcType=DECIMAL},
      RED_BALL_ELEVEN = #{record.redBallEleven,jdbcType=DECIMAL},
      RED_BALL_TWELVE = #{record.redBallTwelve,jdbcType=DECIMAL},
      RED_BALL_THIRTEEN = #{record.redBallThirteen,jdbcType=DECIMAL},
      RED_BALL_FOURTEEN = #{record.redBallFourteen,jdbcType=DECIMAL},
      RED_BALL_FIFTEEN = #{record.redBallFifteen,jdbcType=DECIMAL},
      RED_BALL_SIXTEEN = #{record.redBallSixteen,jdbcType=DECIMAL},
      RED_BALL_SEVENTEEN = #{record.redBallSeventeen,jdbcType=DECIMAL},
      RED_BALL_EIGHTEEN = #{record.redBallEighteen,jdbcType=DECIMAL},
      RED_BALL_NINETEEN = #{record.redBallNineteen,jdbcType=DECIMAL},
      RED_BALL_TWENTY = #{record.redBallTwenty,jdbcType=DECIMAL},
      RED_BALL_TWENTY_ONE = #{record.redBallTwentyOne,jdbcType=DECIMAL},
      RED_BALL_TWENTY_TWO = #{record.redBallTwentyTwo,jdbcType=DECIMAL},
      RED_BALL_TWENTY_THREE = #{record.redBallTwentyThree,jdbcType=DECIMAL},
      RED_BALL_TWENTY_FOUR = #{record.redBallTwentyFour,jdbcType=DECIMAL},
      RED_BALL_TWENTY_FIVE = #{record.redBallTwentyFive,jdbcType=DECIMAL},
      RED_BALL_TWENTY_SIX = #{record.redBallTwentySix,jdbcType=DECIMAL},
      RED_BALL_TWENTY_SEVEN = #{record.redBallTwentySeven,jdbcType=DECIMAL},
      RED_BALL_TWENTY_EIGHT = #{record.redBallTwentyEight,jdbcType=DECIMAL},
      RED_BALL_TWENTY_NINE = #{record.redBallTwentyNine,jdbcType=DECIMAL},
      RED_BALL_THIRTY = #{record.redBallThirty,jdbcType=DECIMAL},
      RED_BALL_THIRTY_ONE = #{record.redBallThirtyOne,jdbcType=DECIMAL},
      RED_BALL_THIRTY_TWO = #{record.redBallThirtyTwo,jdbcType=DECIMAL},
      RED_BALL_THIRTY_THREE = #{record.redBallThirtyThree,jdbcType=DECIMAL},
      LAST_UPDATE_DATE = #{record.lastUpdateDate,jdbcType=TIMESTAMP}
    <if test="_parameter != null">
      <include refid="Update_By_Example_Where_Clause" />
    </if>
  </update>
  <update id="updateByPrimaryKeySelective" parameterType="com.fucai.model.FiftyRedBallProbability">
    <!--
      WARNING - @mbggenerated
      This element is automatically generated by MyBatis Generator, do not modify.
    -->
    update fifty_red_ball_probability
    <set>
      <if test="redBallOne != null">
        RED_BALL_ONE = #{redBallOne,jdbcType=DECIMAL},
      </if>
      <if test="redBallTwo != null">
        RED_BALL_TWO = #{redBallTwo,jdbcType=DECIMAL},
      </if>
      <if test="redBallThree != null">
        RED_BALL_THREE = #{redBallThree,jdbcType=DECIMAL},
      </if>
      <if test="redBallFour != null">
        RED_BALL_FOUR = #{redBallFour,jdbcType=DECIMAL},
      </if>
      <if test="redBallFive != null">
        RED_BALL_FIVE = #{redBallFive,jdbcType=DECIMAL},
      </if>
      <if test="redBallSix != null">
        RED_BALL_SIX = #{redBallSix,jdbcType=DECIMAL},
      </if>
      <if test="redBallSeven != null">
        RED_BALL_SEVEN = #{redBallSeven,jdbcType=DECIMAL},
      </if>
      <if test="redBallEight != null">
        RED_BALL_EIGHT = #{redBallEight,jdbcType=DECIMAL},
      </if>
      <if test="redBallNine != null">
        RED_BALL_NINE = #{redBallNine,jdbcType=DECIMAL},
      </if>
      <if test="redBallTen != null">
        RED_BALL_TEN = #{redBallTen,jdbcType=DECIMAL},
      </if>
      <if test="redBallEleven != null">
        RED_BALL_ELEVEN = #{redBallEleven,jdbcType=DECIMAL},
      </if>
      <if test="redBallTwelve != null">
        RED_BALL_TWELVE = #{redBallTwelve,jdbcType=DECIMAL},
      </if>
      <if test="redBallThirteen != null">
        RED_BALL_THIRTEEN = #{redBallThirteen,jdbcType=DECIMAL},
      </if>
      <if test="redBallFourteen != null">
        RED_BALL_FOURTEEN = #{redBallFourteen,jdbcType=DECIMAL},
      </if>
      <if test="redBallFifteen != null">
        RED_BALL_FIFTEEN = #{redBallFifteen,jdbcType=DECIMAL},
      </if>
      <if test="redBallSixteen != null">
        RED_BALL_SIXTEEN = #{redBallSixteen,jdbcType=DECIMAL},
      </if>
      <if test="redBallSeventeen != null">
        RED_BALL_SEVENTEEN = #{redBallSeventeen,jdbcType=DECIMAL},
      </if>
      <if test="redBallEighteen != null">
        RED_BALL_EIGHTEEN = #{redBallEighteen,jdbcType=DECIMAL},
      </if>
      <if test="redBallNineteen != null">
        RED_BALL_NINETEEN = #{redBallNineteen,jdbcType=DECIMAL},
      </if>
      <if test="redBallTwenty != null">
        RED_BALL_TWENTY = #{redBallTwenty,jdbcType=DECIMAL},
      </if>
      <if test="redBallTwentyOne != null">
        RED_BALL_TWENTY_ONE = #{redBallTwentyOne,jdbcType=DECIMAL},
      </if>
      <if test="redBallTwentyTwo != null">
        RED_BALL_TWENTY_TWO = #{redBallTwentyTwo,jdbcType=DECIMAL},
      </if>
      <if test="redBallTwentyThree != null">
        RED_BALL_TWENTY_THREE = #{redBallTwentyThree,jdbcType=DECIMAL},
      </if>
      <if test="redBallTwentyFour != null">
        RED_BALL_TWENTY_FOUR = #{redBallTwentyFour,jdbcType=DECIMAL},
      </if>
      <if test="redBallTwentyFive != null">
        RED_BALL_TWENTY_FIVE = #{redBallTwentyFive,jdbcType=DECIMAL},
      </if>
      <if test="redBallTwentySix != null">
        RED_BALL_TWENTY_SIX = #{redBallTwentySix,jdbcType=DECIMAL},
      </if>
      <if test="redBallTwentySeven != null">
        RED_BALL_TWENTY_SEVEN = #{redBallTwentySeven,jdbcType=DECIMAL},
      </if>
      <if test="redBallTwentyEight != null">
        RED_BALL_TWENTY_EIGHT = #{redBallTwentyEight,jdbcType=DECIMAL},
      </if>
      <if test="redBallTwentyNine != null">
        RED_BALL_TWENTY_NINE = #{redBallTwentyNine,jdbcType=DECIMAL},
      </if>
      <if test="redBallThirty != null">
        RED_BALL_THIRTY = #{redBallThirty,jdbcType=DECIMAL},
      </if>
      <if test="redBallThirtyOne != null">
        RED_BALL_THIRTY_ONE = #{redBallThirtyOne,jdbcType=DECIMAL},
      </if>
      <if test="redBallThirtyTwo != null">
        RED_BALL_THIRTY_TWO = #{redBallThirtyTwo,jdbcType=DECIMAL},
      </if>
      <if test="redBallThirtyThree != null">
        RED_BALL_THIRTY_THREE = #{redBallThirtyThree,jdbcType=DECIMAL},
      </if>
      <if test="lastUpdateDate != null">
        LAST_UPDATE_DATE = #{lastUpdateDate,jdbcType=TIMESTAMP},
      </if>
    </set>
    where BALL_PROBABILITY_ID = #{ballProbabilityId,jdbcType=INTEGER}
  </update>
  <update id="updateByPrimaryKey" parameterType="com.fucai.model.FiftyRedBallProbability">
    <!--
      WARNING - @mbggenerated
      This element is automatically generated by MyBatis Generator, do not modify.
    -->
    update fifty_red_ball_probability
    set RED_BALL_ONE = #{redBallOne,jdbcType=DECIMAL},
      RED_BALL_TWO = #{redBallTwo,jdbcType=DECIMAL},
      RED_BALL_THREE = #{redBallThree,jdbcType=DECIMAL},
      RED_BALL_FOUR = #{redBallFour,jdbcType=DECIMAL},
      RED_BALL_FIVE = #{redBallFive,jdbcType=DECIMAL},
      RED_BALL_SIX = #{redBallSix,jdbcType=DECIMAL},
      RED_BALL_SEVEN = #{redBallSeven,jdbcType=DECIMAL},
      RED_BALL_EIGHT = #{redBallEight,jdbcType=DECIMAL},
      RED_BALL_NINE = #{redBallNine,jdbcType=DECIMAL},
      RED_BALL_TEN = #{redBallTen,jdbcType=DECIMAL},
      RED_BALL_ELEVEN = #{redBallEleven,jdbcType=DECIMAL},
      RED_BALL_TWELVE = #{redBallTwelve,jdbcType=DECIMAL},
      RED_BALL_THIRTEEN = #{redBallThirteen,jdbcType=DECIMAL},
      RED_BALL_FOURTEEN = #{redBallFourteen,jdbcType=DECIMAL},
      RED_BALL_FIFTEEN = #{redBallFifteen,jdbcType=DECIMAL},
      RED_BALL_SIXTEEN = #{redBallSixteen,jdbcType=DECIMAL},
      RED_BALL_SEVENTEEN = #{redBallSeventeen,jdbcType=DECIMAL},
      RED_BALL_EIGHTEEN = #{redBallEighteen,jdbcType=DECIMAL},
      RED_BALL_NINETEEN = #{redBallNineteen,jdbcType=DECIMAL},
      RED_BALL_TWENTY = #{redBallTwenty,jdbcType=DECIMAL},
      RED_BALL_TWENTY_ONE = #{redBallTwentyOne,jdbcType=DECIMAL},
      RED_BALL_TWENTY_TWO = #{redBallTwentyTwo,jdbcType=DECIMAL},
      RED_BALL_TWENTY_THREE = #{redBallTwentyThree,jdbcType=DECIMAL},
      RED_BALL_TWENTY_FOUR = #{redBallTwentyFour,jdbcType=DECIMAL},
      RED_BALL_TWENTY_FIVE = #{redBallTwentyFive,jdbcType=DECIMAL},
      RED_BALL_TWENTY_SIX = #{redBallTwentySix,jdbcType=DECIMAL},
      RED_BALL_TWENTY_SEVEN = #{redBallTwentySeven,jdbcType=DECIMAL},
      RED_BALL_TWENTY_EIGHT = #{redBallTwentyEight,jdbcType=DECIMAL},
      RED_BALL_TWENTY_NINE = #{redBallTwentyNine,jdbcType=DECIMAL},
      RED_BALL_THIRTY = #{redBallThirty,jdbcType=DECIMAL},
      RED_BALL_THIRTY_ONE = #{redBallThirtyOne,jdbcType=DECIMAL},
      RED_BALL_THIRTY_TWO = #{redBallThirtyTwo,jdbcType=DECIMAL},
      RED_BALL_THIRTY_THREE = #{redBallThirtyThree,jdbcType=DECIMAL},
      LAST_UPDATE_DATE = #{lastUpdateDate,jdbcType=TIMESTAMP}
    where BALL_PROBABILITY_ID = #{ballProbabilityId,jdbcType=INTEGER}
  </update>
</mapper>