<?xml version="1.0" encoding="UTF-8"?>
<!DOCTYPE mapper PUBLIC "-//mybatis.org//DTD Mapper 3.0//EN" "http://mybatis.org/dtd/mybatis-3-mapper.dtd">
<mapper namespace="com.fucai.dao.FiveBlueBallProbabilityMapper">
  <resultMap id="BaseResultMap" type="com.fucai.model.FiveBlueBallProbability">
    <!--
      WARNING - @mbggenerated
      This element is automatically generated by MyBatis Generator, do not modify.
    -->
    <id column="BALL_PROBABILITY_ID" jdbcType="INTEGER" property="ballProbabilityId" />
    <result column="BLUE_BALL_ONE" jdbcType="DECIMAL" property="blueBallOne" />
    <result column="BLUE_BALL_TWO" jdbcType="DECIMAL" property="blueBallTwo" />
    <result column="BLUE_BALL_THREE" jdbcType="DECIMAL" property="blueBallThree" />
    <result column="BLUE_BALL_FOUR" jdbcType="DECIMAL" property="blueBallFour" />
    <result column="BLUE_BALL_FIVE" jdbcType="DECIMAL" property="blueBallFive" />
    <result column="BLUE_BALL_SIX" jdbcType="DECIMAL" property="blueBallSix" />
    <result column="BLUE_BALL_SEVEN" jdbcType="DECIMAL" property="blueBallSeven" />
    <result column="BLUE_BALL_EIGHT" jdbcType="DECIMAL" property="blueBallEight" />
    <result column="BLUE_BALL_NINE" jdbcType="DECIMAL" property="blueBallNine" />
    <result column="BLUE_BALL_TEN" jdbcType="DECIMAL" property="blueBallTen" />
    <result column="BLUE_BALL_ELEVEN" jdbcType="DECIMAL" property="blueBallEleven" />
    <result column="BLUE_BALL_TWELVE" jdbcType="DECIMAL" property="blueBallTwelve" />
    <result column="BLUE_BALL_THIRTEEN" jdbcType="DECIMAL" property="blueBallThirteen" />
    <result column="BLUE_BALL_FOURTEEN" jdbcType="DECIMAL" property="blueBallFourteen" />
    <result column="BLUE_BALL_FIFTEEN" jdbcType="DECIMAL" property="blueBallFifteen" />
    <result column="BLUE_BALL_SIXTEEN" jdbcType="DECIMAL" property="blueBallSixteen" />
    <result column="LAST_UPDATE_DATE" jdbcType="TIMESTAMP" property="lastUpdateDate" />
  </resultMap>
  <sql id="Example_Where_Clause">
    <!--
      WARNING - @mbggenerated
      This element is automatically generated by MyBatis Generator, do not modify.
    -->
    <where>
      <foreach collection="oredCriteria" item="criteria" separator="or">
        <if test="criteria.valid">
          <trim prefix="(" prefixOverrides="and" suffix=")">
            <foreach collection="criteria.criteria" item="criterion">
              <choose>
                <when test="criterion.noValue">
                  and ${criterion.condition}
                </when>
                <when test="criterion.singleValue">
                  and ${criterion.condition} #{criterion.value}
                </when>
                <when test="criterion.betweenValue">
                  and ${criterion.condition} #{criterion.value} and #{criterion.secondValue}
                </when>
                <when test="criterion.listValue">
                  and ${criterion.condition}
                  <foreach close=")" collection="criterion.value" item="listItem" open="(" separator=",">
                    #{listItem}
                  </foreach>
                </when>
              </choose>
            </foreach>
          </trim>
        </if>
      </foreach>
    </where>
  </sql>
  <sql id="Update_By_Example_Where_Clause">
    <!--
      WARNING - @mbggenerated
      This element is automatically generated by MyBatis Generator, do not modify.
    -->
    <where>
      <foreach collection="example.oredCriteria" item="criteria" separator="or">
        <if test="criteria.valid">
          <trim prefix="(" prefixOverrides="and" suffix=")">
            <foreach collection="criteria.criteria" item="criterion">
              <choose>
                <when test="criterion.noValue">
                  and ${criterion.condition}
                </when>
                <when test="criterion.singleValue">
                  and ${criterion.condition} #{criterion.value}
                </when>
                <when test="criterion.betweenValue">
                  and ${criterion.condition} #{criterion.value} and #{criterion.secondValue}
                </when>
                <when test="criterion.listValue">
                  and ${criterion.condition}
                  <foreach close=")" collection="criterion.value" item="listItem" open="(" separator=",">
                    #{listItem}
                  </foreach>
                </when>
              </choose>
            </foreach>
          </trim>
        </if>
      </foreach>
    </where>
  </sql>
  <sql id="Base_Column_List">
    <!--
      WARNING - @mbggenerated
      This element is automatically generated by MyBatis Generator, do not modify.
    -->
    BALL_PROBABILITY_ID, BLUE_BALL_ONE, BLUE_BALL_TWO, BLUE_BALL_THREE, BLUE_BALL_FOUR, 
    BLUE_BALL_FIVE, BLUE_BALL_SIX, BLUE_BALL_SEVEN, BLUE_BALL_EIGHT, BLUE_BALL_NINE, 
    BLUE_BALL_TEN, BLUE_BALL_ELEVEN, BLUE_BALL_TWELVE, BLUE_BALL_THIRTEEN, BLUE_BALL_FOURTEEN, 
    BLUE_BALL_FIFTEEN, BLUE_BALL_SIXTEEN, LAST_UPDATE_DATE
  </sql>
  <select id="selectByExample" parameterType="com.fucai.model.FiveBlueBallProbabilityExample" resultMap="BaseResultMap">
    <!--
      WARNING - @mbggenerated
      This element is automatically generated by MyBatis Generator, do not modify.
    -->
    select
    <if test="distinct">
      distinct
    </if>
    'true' as QUERYID,
    <include refid="Base_Column_List" />
    from five_blue_ball_probability
    <if test="_parameter != null">
      <include refid="Example_Where_Clause" />
    </if>
    <if test="orderByClause != null">
      order by ${orderByClause}
    </if>
  </select>
  <select id="selectByPrimaryKey" parameterType="java.lang.Integer" resultMap="BaseResultMap">
    <!--
      WARNING - @mbggenerated
      This element is automatically generated by MyBatis Generator, do not modify.
    -->
    select 
    <include refid="Base_Column_List" />
    from five_blue_ball_probability
    where BALL_PROBABILITY_ID = #{ballProbabilityId,jdbcType=INTEGER}
  </select>
  <delete id="deleteByPrimaryKey" parameterType="java.lang.Integer">
    <!--
      WARNING - @mbggenerated
      This element is automatically generated by MyBatis Generator, do not modify.
    -->
    delete from five_blue_ball_probability
    where BALL_PROBABILITY_ID = #{ballProbabilityId,jdbcType=INTEGER}
  </delete>
  <delete id="deleteByExample" parameterType="com.fucai.model.FiveBlueBallProbabilityExample">
    <!--
      WARNING - @mbggenerated
      This element is automatically generated by MyBatis Generator, do not modify.
    -->
    delete from five_blue_ball_probability
    <if test="_parameter != null">
      <include refid="Example_Where_Clause" />
    </if>
  </delete>
  <insert id="insert" parameterType="com.fucai.model.FiveBlueBallProbability">
    <!--
      WARNING - @mbggenerated
      This element is automatically generated by MyBatis Generator, do not modify.
    -->
    insert into five_blue_ball_probability (BALL_PROBABILITY_ID, BLUE_BALL_ONE, BLUE_BALL_TWO, 
      BLUE_BALL_THREE, BLUE_BALL_FOUR, BLUE_BALL_FIVE, 
      BLUE_BALL_SIX, BLUE_BALL_SEVEN, BLUE_BALL_EIGHT, 
      BLUE_BALL_NINE, BLUE_BALL_TEN, BLUE_BALL_ELEVEN, 
      BLUE_BALL_TWELVE, BLUE_BALL_THIRTEEN, BLUE_BALL_FOURTEEN, 
      BLUE_BALL_FIFTEEN, BLUE_BALL_SIXTEEN, LAST_UPDATE_DATE
      )
    values (#{ballProbabilityId,jdbcType=INTEGER}, #{blueBallOne,jdbcType=DECIMAL}, #{blueBallTwo,jdbcType=DECIMAL}, 
      #{blueBallThree,jdbcType=DECIMAL}, #{blueBallFour,jdbcType=DECIMAL}, #{blueBallFive,jdbcType=DECIMAL}, 
      #{blueBallSix,jdbcType=DECIMAL}, #{blueBallSeven,jdbcType=DECIMAL}, #{blueBallEight,jdbcType=DECIMAL}, 
      #{blueBallNine,jdbcType=DECIMAL}, #{blueBallTen,jdbcType=DECIMAL}, #{blueBallEleven,jdbcType=DECIMAL}, 
      #{blueBallTwelve,jdbcType=DECIMAL}, #{blueBallThirteen,jdbcType=DECIMAL}, #{blueBallFourteen,jdbcType=DECIMAL}, 
      #{blueBallFifteen,jdbcType=DECIMAL}, #{blueBallSixteen,jdbcType=DECIMAL}, #{lastUpdateDate,jdbcType=TIMESTAMP}
      )
  </insert>
  <insert id="insertSelective" parameterType="com.fucai.model.FiveBlueBallProbability">
    <!--
      WARNING - @mbggenerated
      This element is automatically generated by MyBatis Generator, do not modify.
    -->
    insert into five_blue_ball_probability
    <trim prefix="(" suffix=")" suffixOverrides=",">
      <if test="ballProbabilityId != null">
        BALL_PROBABILITY_ID,
      </if>
      <if test="blueBallOne != null">
        BLUE_BALL_ONE,
      </if>
      <if test="blueBallTwo != null">
        BLUE_BALL_TWO,
      </if>
      <if test="blueBallThree != null">
        BLUE_BALL_THREE,
      </if>
      <if test="blueBallFour != null">
        BLUE_BALL_FOUR,
      </if>
      <if test="blueBallFive != null">
        BLUE_BALL_FIVE,
      </if>
      <if test="blueBallSix != null">
        BLUE_BALL_SIX,
      </if>
      <if test="blueBallSeven != null">
        BLUE_BALL_SEVEN,
      </if>
      <if test="blueBallEight != null">
        BLUE_BALL_EIGHT,
      </if>
      <if test="blueBallNine != null">
        BLUE_BALL_NINE,
      </if>
      <if test="blueBallTen != null">
        BLUE_BALL_TEN,
      </if>
      <if test="blueBallEleven != null">
        BLUE_BALL_ELEVEN,
      </if>
      <if test="blueBallTwelve != null">
        BLUE_BALL_TWELVE,
      </if>
      <if test="blueBallThirteen != null">
        BLUE_BALL_THIRTEEN,
      </if>
      <if test="blueBallFourteen != null">
        BLUE_BALL_FOURTEEN,
      </if>
      <if test="blueBallFifteen != null">
        BLUE_BALL_FIFTEEN,
      </if>
      <if test="blueBallSixteen != null">
        BLUE_BALL_SIXTEEN,
      </if>
      <if test="lastUpdateDate != null">
        LAST_UPDATE_DATE,
      </if>
    </trim>
    <trim prefix="values (" suffix=")" suffixOverrides=",">
      <if test="ballProbabilityId != null">
        #{ballProbabilityId,jdbcType=INTEGER},
      </if>
      <if test="blueBallOne != null">
        #{blueBallOne,jdbcType=DECIMAL},
      </if>
      <if test="blueBallTwo != null">
        #{blueBallTwo,jdbcType=DECIMAL},
      </if>
      <if test="blueBallThree != null">
        #{blueBallThree,jdbcType=DECIMAL},
      </if>
      <if test="blueBallFour != null">
        #{blueBallFour,jdbcType=DECIMAL},
      </if>
      <if test="blueBallFive != null">
        #{blueBallFive,jdbcType=DECIMAL},
      </if>
      <if test="blueBallSix != null">
        #{blueBallSix,jdbcType=DECIMAL},
      </if>
      <if test="blueBallSeven != null">
        #{blueBallSeven,jdbcType=DECIMAL},
      </if>
      <if test="blueBallEight != null">
        #{blueBallEight,jdbcType=DECIMAL},
      </if>
      <if test="blueBallNine != null">
        #{blueBallNine,jdbcType=DECIMAL},
      </if>
      <if test="blueBallTen != null">
        #{blueBallTen,jdbcType=DECIMAL},
      </if>
      <if test="blueBallEleven != null">
        #{blueBallEleven,jdbcType=DECIMAL},
      </if>
      <if test="blueBallTwelve != null">
        #{blueBallTwelve,jdbcType=DECIMAL},
      </if>
      <if test="blueBallThirteen != null">
        #{blueBallThirteen,jdbcType=DECIMAL},
      </if>
      <if test="blueBallFourteen != null">
        #{blueBallFourteen,jdbcType=DECIMAL},
      </if>
      <if test="blueBallFifteen != null">
        #{blueBallFifteen,jdbcType=DECIMAL},
      </if>
      <if test="blueBallSixteen != null">
        #{blueBallSixteen,jdbcType=DECIMAL},
      </if>
      <if test="lastUpdateDate != null">
        #{lastUpdateDate,jdbcType=TIMESTAMP},
      </if>
    </trim>
  </insert>
  <select id="countByExample" parameterType="com.fucai.model.FiveBlueBallProbabilityExample" resultType="java.lang.Integer">
    <!--
      WARNING - @mbggenerated
      This element is automatically generated by MyBatis Generator, do not modify.
    -->
    select count(*) from five_blue_ball_probability
    <if test="_parameter != null">
      <include refid="Example_Where_Clause" />
    </if>
  </select>
  <update id="updateByExampleSelective" parameterType="map">
    <!--
      WARNING - @mbggenerated
      This element is automatically generated by MyBatis Generator, do not modify.
    -->
    update five_blue_ball_probability
    <set>
      <if test="record.ballProbabilityId != null">
        BALL_PROBABILITY_ID = #{record.ballProbabilityId,jdbcType=INTEGER},
      </if>
      <if test="record.blueBallOne != null">
        BLUE_BALL_ONE = #{record.blueBallOne,jdbcType=DECIMAL},
      </if>
      <if test="record.blueBallTwo != null">
        BLUE_BALL_TWO = #{record.blueBallTwo,jdbcType=DECIMAL},
      </if>
      <if test="record.blueBallThree != null">
        BLUE_BALL_THREE = #{record.blueBallThree,jdbcType=DECIMAL},
      </if>
      <if test="record.blueBallFour != null">
        BLUE_BALL_FOUR = #{record.blueBallFour,jdbcType=DECIMAL},
      </if>
      <if test="record.blueBallFive != null">
        BLUE_BALL_FIVE = #{record.blueBallFive,jdbcType=DECIMAL},
      </if>
      <if test="record.blueBallSix != null">
        BLUE_BALL_SIX = #{record.blueBallSix,jdbcType=DECIMAL},
      </if>
      <if test="record.blueBallSeven != null">
        BLUE_BALL_SEVEN = #{record.blueBallSeven,jdbcType=DECIMAL},
      </if>
      <if test="record.blueBallEight != null">
        BLUE_BALL_EIGHT = #{record.blueBallEight,jdbcType=DECIMAL},
      </if>
      <if test="record.blueBallNine != null">
        BLUE_BALL_NINE = #{record.blueBallNine,jdbcType=DECIMAL},
      </if>
      <if test="record.blueBallTen != null">
        BLUE_BALL_TEN = #{record.blueBallTen,jdbcType=DECIMAL},
      </if>
      <if test="record.blueBallEleven != null">
        BLUE_BALL_ELEVEN = #{record.blueBallEleven,jdbcType=DECIMAL},
      </if>
      <if test="record.blueBallTwelve != null">
        BLUE_BALL_TWELVE = #{record.blueBallTwelve,jdbcType=DECIMAL},
      </if>
      <if test="record.blueBallThirteen != null">
        BLUE_BALL_THIRTEEN = #{record.blueBallThirteen,jdbcType=DECIMAL},
      </if>
      <if test="record.blueBallFourteen != null">
        BLUE_BALL_FOURTEEN = #{record.blueBallFourteen,jdbcType=DECIMAL},
      </if>
      <if test="record.blueBallFifteen != null">
        BLUE_BALL_FIFTEEN = #{record.blueBallFifteen,jdbcType=DECIMAL},
      </if>
      <if test="record.blueBallSixteen != null">
        BLUE_BALL_SIXTEEN = #{record.blueBallSixteen,jdbcType=DECIMAL},
      </if>
      <if test="record.lastUpdateDate != null">
        LAST_UPDATE_DATE = #{record.lastUpdateDate,jdbcType=TIMESTAMP},
      </if>
    </set>
    <if test="_parameter != null">
      <include refid="Update_By_Example_Where_Clause" />
    </if>
  </update>
  <update id="updateByExample" parameterType="map">
    <!--
      WARNING - @mbggenerated
      This element is automatically generated by MyBatis Generator, do not modify.
    -->
    update five_blue_ball_probability
    set BALL_PROBABILITY_ID = #{record.ballProbabilityId,jdbcType=INTEGER},
      BLUE_BALL_ONE = #{record.blueBallOne,jdbcType=DECIMAL},
      BLUE_BALL_TWO = #{record.blueBallTwo,jdbcType=DECIMAL},
      BLUE_BALL_THREE = #{record.blueBallThree,jdbcType=DECIMAL},
      BLUE_BALL_FOUR = #{record.blueBallFour,jdbcType=DECIMAL},
      BLUE_BALL_FIVE = #{record.blueBallFive,jdbcType=DECIMAL},
      BLUE_BALL_SIX = #{record.blueBallSix,jdbcType=DECIMAL},
      BLUE_BALL_SEVEN = #{record.blueBallSeven,jdbcType=DECIMAL},
      BLUE_BALL_EIGHT = #{record.blueBallEight,jdbcType=DECIMAL},
      BLUE_BALL_NINE = #{record.blueBallNine,jdbcType=DECIMAL},
      BLUE_BALL_TEN = #{record.blueBallTen,jdbcType=DECIMAL},
      BLUE_BALL_ELEVEN = #{record.blueBallEleven,jdbcType=DECIMAL},
      BLUE_BALL_TWELVE = #{record.blueBallTwelve,jdbcType=DECIMAL},
      BLUE_BALL_THIRTEEN = #{record.blueBallThirteen,jdbcType=DECIMAL},
      BLUE_BALL_FOURTEEN = #{record.blueBallFourteen,jdbcType=DECIMAL},
      BLUE_BALL_FIFTEEN = #{record.blueBallFifteen,jdbcType=DECIMAL},
      BLUE_BALL_SIXTEEN = #{record.blueBallSixteen,jdbcType=DECIMAL},
      LAST_UPDATE_DATE = #{record.lastUpdateDate,jdbcType=TIMESTAMP}
    <if test="_parameter != null">
      <include refid="Update_By_Example_Where_Clause" />
    </if>
  </update>
  <update id="updateByPrimaryKeySelective" parameterType="com.fucai.model.FiveBlueBallProbability">
    <!--
      WARNING - @mbggenerated
      This element is automatically generated by MyBatis Generator, do not modify.
    -->
    update five_blue_ball_probability
    <set>
      <if test="blueBallOne != null">
        BLUE_BALL_ONE = #{blueBallOne,jdbcType=DECIMAL},
      </if>
      <if test="blueBallTwo != null">
        BLUE_BALL_TWO = #{blueBallTwo,jdbcType=DECIMAL},
      </if>
      <if test="blueBallThree != null">
        BLUE_BALL_THREE = #{blueBallThree,jdbcType=DECIMAL},
      </if>
      <if test="blueBallFour != null">
        BLUE_BALL_FOUR = #{blueBallFour,jdbcType=DECIMAL},
      </if>
      <if test="blueBallFive != null">
        BLUE_BALL_FIVE = #{blueBallFive,jdbcType=DECIMAL},
      </if>
      <if test="blueBallSix != null">
        BLUE_BALL_SIX = #{blueBallSix,jdbcType=DECIMAL},
      </if>
      <if test="blueBallSeven != null">
        BLUE_BALL_SEVEN = #{blueBallSeven,jdbcType=DECIMAL},
      </if>
      <if test="blueBallEight != null">
        BLUE_BALL_EIGHT = #{blueBallEight,jdbcType=DECIMAL},
      </if>
      <if test="blueBallNine != null">
        BLUE_BALL_NINE = #{blueBallNine,jdbcType=DECIMAL},
      </if>
      <if test="blueBallTen != null">
        BLUE_BALL_TEN = #{blueBallTen,jdbcType=DECIMAL},
      </if>
      <if test="blueBallEleven != null">
        BLUE_BALL_ELEVEN = #{blueBallEleven,jdbcType=DECIMAL},
      </if>
      <if test="blueBallTwelve != null">
        BLUE_BALL_TWELVE = #{blueBallTwelve,jdbcType=DECIMAL},
      </if>
      <if test="blueBallThirteen != null">
        BLUE_BALL_THIRTEEN = #{blueBallThirteen,jdbcType=DECIMAL},
      </if>
      <if test="blueBallFourteen != null">
        BLUE_BALL_FOURTEEN = #{blueBallFourteen,jdbcType=DECIMAL},
      </if>
      <if test="blueBallFifteen != null">
        BLUE_BALL_FIFTEEN = #{blueBallFifteen,jdbcType=DECIMAL},
      </if>
      <if test="blueBallSixteen != null">
        BLUE_BALL_SIXTEEN = #{blueBallSixteen,jdbcType=DECIMAL},
      </if>
      <if test="lastUpdateDate != null">
        LAST_UPDATE_DATE = #{lastUpdateDate,jdbcType=TIMESTAMP},
      </if>
    </set>
    where BALL_PROBABILITY_ID = #{ballProbabilityId,jdbcType=INTEGER}
  </update>
  <update id="updateByPrimaryKey" parameterType="com.fucai.model.FiveBlueBallProbability">
    <!--
      WARNING - @mbggenerated
      This element is automatically generated by MyBatis Generator, do not modify.
    -->
    update five_blue_ball_probability
    set BLUE_BALL_ONE = #{blueBallOne,jdbcType=DECIMAL},
      BLUE_BALL_TWO = #{blueBallTwo,jdbcType=DECIMAL},
      BLUE_BALL_THREE = #{blueBallThree,jdbcType=DECIMAL},
      BLUE_BALL_FOUR = #{blueBallFour,jdbcType=DECIMAL},
      BLUE_BALL_FIVE = #{blueBallFive,jdbcType=DECIMAL},
      BLUE_BALL_SIX = #{blueBallSix,jdbcType=DECIMAL},
      BLUE_BALL_SEVEN = #{blueBallSeven,jdbcType=DECIMAL},
      BLUE_BALL_EIGHT = #{blueBallEight,jdbcType=DECIMAL},
      BLUE_BALL_NINE = #{blueBallNine,jdbcType=DECIMAL},
      BLUE_BALL_TEN = #{blueBallTen,jdbcType=DECIMAL},
      BLUE_BALL_ELEVEN = #{blueBallEleven,jdbcType=DECIMAL},
      BLUE_BALL_TWELVE = #{blueBallTwelve,jdbcType=DECIMAL},
      BLUE_BALL_THIRTEEN = #{blueBallThirteen,jdbcType=DECIMAL},
      BLUE_BALL_FOURTEEN = #{blueBallFourteen,jdbcType=DECIMAL},
      BLUE_BALL_FIFTEEN = #{blueBallFifteen,jdbcType=DECIMAL},
      BLUE_BALL_SIXTEEN = #{blueBallSixteen,jdbcType=DECIMAL},
      LAST_UPDATE_DATE = #{lastUpdateDate,jdbcType=TIMESTAMP}
    where BALL_PROBABILITY_ID = #{ballProbabilityId,jdbcType=INTEGER}
  </update>
</mapper>