<?xml version="1.0" encoding="UTF-8"?>
<!DOCTYPE mapper PUBLIC "-//mybatis.org//DTD Mapper 3.0//EN" "http://mybatis.org/dtd/mybatis-3-mapper.dtd">
<mapper namespace="com.fucai.dao.OddEvenProbabilityMapper">
  <resultMap id="BaseResultMap" type="com.fucai.model.OddEvenProbability">
    <!--
      WARNING - @mbggenerated
      This element is automatically generated by MyBatis Generator, do not modify.
    -->
    <id column="ODD_EVEN_ID" jdbcType="INTEGER" property="oddEvenId" />
    <result column="ODD_PROBABILITY" jdbcType="DECIMAL" property="oddProbability" />
    <result column="EVEN_PROBABILITY" jdbcType="DECIMAL" property="evenProbability" />
    <result column="LAST_UPDATE_DATE" jdbcType="TIMESTAMP" property="lastUpdateDate" />
  </resultMap>
  <sql id="Example_Where_Clause">
    <!--
      WARNING - @mbggenerated
      This element is automatically generated by MyBatis Generator, do not modify.
    -->
    <where>
      <foreach collection="oredCriteria" item="criteria" separator="or">
        <if test="criteria.valid">
          <trim prefix="(" prefixOverrides="and" suffix=")">
            <foreach collection="criteria.criteria" item="criterion">
              <choose>
                <when test="criterion.noValue">
                  and ${criterion.condition}
                </when>
                <when test="criterion.singleValue">
                  and ${criterion.condition} #{criterion.value}
                </when>
                <when test="criterion.betweenValue">
                  and ${criterion.condition} #{criterion.value} and #{criterion.secondValue}
                </when>
                <when test="criterion.listValue">
                  and ${criterion.condition}
                  <foreach close=")" collection="criterion.value" item="listItem" open="(" separator=",">
                    #{listItem}
                  </foreach>
                </when>
              </choose>
            </foreach>
          </trim>
        </if>
      </foreach>
    </where>
  </sql>
  <sql id="Update_By_Example_Where_Clause">
    <!--
      WARNING - @mbggenerated
      This element is automatically generated by MyBatis Generator, do not modify.
    -->
    <where>
      <foreach collection="example.oredCriteria" item="criteria" separator="or">
        <if test="criteria.valid">
          <trim prefix="(" prefixOverrides="and" suffix=")">
            <foreach collection="criteria.criteria" item="criterion">
              <choose>
                <when test="criterion.noValue">
                  and ${criterion.condition}
                </when>
                <when test="criterion.singleValue">
                  and ${criterion.condition} #{criterion.value}
                </when>
                <when test="criterion.betweenValue">
                  and ${criterion.condition} #{criterion.value} and #{criterion.secondValue}
                </when>
                <when test="criterion.listValue">
                  and ${criterion.condition}
                  <foreach close=")" collection="criterion.value" item="listItem" open="(" separator=",">
                    #{listItem}
                  </foreach>
                </when>
              </choose>
            </foreach>
          </trim>
        </if>
      </foreach>
    </where>
  </sql>
  <sql id="Base_Column_List">
    <!--
      WARNING - @mbggenerated
      This element is automatically generated by MyBatis Generator, do not modify.
    -->
    ODD_EVEN_ID, ODD_PROBABILITY, EVEN_PROBABILITY, LAST_UPDATE_DATE
  </sql>
  <select id="selectByExample" parameterType="com.fucai.model.OddEvenProbabilityExample" resultMap="BaseResultMap">
    <!--
      WARNING - @mbggenerated
      This element is automatically generated by MyBatis Generator, do not modify.
    -->
    select
    <if test="distinct">
      distinct
    </if>
    'true' as QUERYID,
    <include refid="Base_Column_List" />
    from odd_even_probability
    <if test="_parameter != null">
      <include refid="Example_Where_Clause" />
    </if>
    <if test="orderByClause != null">
      order by ${orderByClause}
    </if>
  </select>
  <select id="selectByPrimaryKey" parameterType="java.lang.Integer" resultMap="BaseResultMap">
    <!--
      WARNING - @mbggenerated
      This element is automatically generated by MyBatis Generator, do not modify.
    -->
    select 
    <include refid="Base_Column_List" />
    from odd_even_probability
    where ODD_EVEN_ID = #{oddEvenId,jdbcType=INTEGER}
  </select>
  <delete id="deleteByPrimaryKey" parameterType="java.lang.Integer">
    <!--
      WARNING - @mbggenerated
      This element is automatically generated by MyBatis Generator, do not modify.
    -->
    delete from odd_even_probability
    where ODD_EVEN_ID = #{oddEvenId,jdbcType=INTEGER}
  </delete>
  <delete id="deleteByExample" parameterType="com.fucai.model.OddEvenProbabilityExample">
    <!--
      WARNING - @mbggenerated
      This element is automatically generated by MyBatis Generator, do not modify.
    -->
    delete from odd_even_probability
    <if test="_parameter != null">
      <include refid="Example_Where_Clause" />
    </if>
  </delete>
  <insert id="insert" parameterType="com.fucai.model.OddEvenProbability">
    <!--
      WARNING - @mbggenerated
      This element is automatically generated by MyBatis Generator, do not modify.
    -->
    insert into odd_even_probability (ODD_EVEN_ID, ODD_PROBABILITY, EVEN_PROBABILITY, 
      LAST_UPDATE_DATE)
    values (#{oddEvenId,jdbcType=INTEGER}, #{oddProbability,jdbcType=DECIMAL}, #{evenProbability,jdbcType=DECIMAL}, 
      #{lastUpdateDate,jdbcType=TIMESTAMP})
  </insert>
  <insert id="insertSelective" parameterType="com.fucai.model.OddEvenProbability">
    <!--
      WARNING - @mbggenerated
      This element is automatically generated by MyBatis Generator, do not modify.
    -->
    insert into odd_even_probability
    <trim prefix="(" suffix=")" suffixOverrides=",">
      <if test="oddEvenId != null">
        ODD_EVEN_ID,
      </if>
      <if test="oddProbability != null">
        ODD_PROBABILITY,
      </if>
      <if test="evenProbability != null">
        EVEN_PROBABILITY,
      </if>
      <if test="lastUpdateDate != null">
        LAST_UPDATE_DATE,
      </if>
    </trim>
    <trim prefix="values (" suffix=")" suffixOverrides=",">
      <if test="oddEvenId != null">
        #{oddEvenId,jdbcType=INTEGER},
      </if>
      <if test="oddProbability != null">
        #{oddProbability,jdbcType=DECIMAL},
      </if>
      <if test="evenProbability != null">
        #{evenProbability,jdbcType=DECIMAL},
      </if>
      <if test="lastUpdateDate != null">
        #{lastUpdateDate,jdbcType=TIMESTAMP},
      </if>
    </trim>
  </insert>
  <select id="countByExample" parameterType="com.fucai.model.OddEvenProbabilityExample" resultType="java.lang.Integer">
    <!--
      WARNING - @mbggenerated
      This element is automatically generated by MyBatis Generator, do not modify.
    -->
    select count(*) from odd_even_probability
    <if test="_parameter != null">
      <include refid="Example_Where_Clause" />
    </if>
  </select>
  <update id="updateByExampleSelective" parameterType="map">
    <!--
      WARNING - @mbggenerated
      This element is automatically generated by MyBatis Generator, do not modify.
    -->
    update odd_even_probability
    <set>
      <if test="record.oddEvenId != null">
        ODD_EVEN_ID = #{record.oddEvenId,jdbcType=INTEGER},
      </if>
      <if test="record.oddProbability != null">
        ODD_PROBABILITY = #{record.oddProbability,jdbcType=DECIMAL},
      </if>
      <if test="record.evenProbability != null">
        EVEN_PROBABILITY = #{record.evenProbability,jdbcType=DECIMAL},
      </if>
      <if test="record.lastUpdateDate != null">
        LAST_UPDATE_DATE = #{record.lastUpdateDate,jdbcType=TIMESTAMP},
      </if>
    </set>
    <if test="_parameter != null">
      <include refid="Update_By_Example_Where_Clause" />
    </if>
  </update>
  <update id="updateByExample" parameterType="map">
    <!--
      WARNING - @mbggenerated
      This element is automatically generated by MyBatis Generator, do not modify.
    -->
    update odd_even_probability
    set ODD_EVEN_ID = #{record.oddEvenId,jdbcType=INTEGER},
      ODD_PROBABILITY = #{record.oddProbability,jdbcType=DECIMAL},
      EVEN_PROBABILITY = #{record.evenProbability,jdbcType=DECIMAL},
      LAST_UPDATE_DATE = #{record.lastUpdateDate,jdbcType=TIMESTAMP}
    <if test="_parameter != null">
      <include refid="Update_By_Example_Where_Clause" />
    </if>
  </update>
  <update id="updateByPrimaryKeySelective" parameterType="com.fucai.model.OddEvenProbability">
    <!--
      WARNING - @mbggenerated
      This element is automatically generated by MyBatis Generator, do not modify.
    -->
    update odd_even_probability
    <set>
      <if test="oddProbability != null">
        ODD_PROBABILITY = #{oddProbability,jdbcType=DECIMAL},
      </if>
      <if test="evenProbability != null">
        EVEN_PROBABILITY = #{evenProbability,jdbcType=DECIMAL},
      </if>
      <if test="lastUpdateDate != null">
        LAST_UPDATE_DATE = #{lastUpdateDate,jdbcType=TIMESTAMP},
      </if>
    </set>
    where ODD_EVEN_ID = #{oddEvenId,jdbcType=INTEGER}
  </update>
  <update id="updateByPrimaryKey" parameterType="com.fucai.model.OddEvenProbability">
    <!--
      WARNING - @mbggenerated
      This element is automatically generated by MyBatis Generator, do not modify.
    -->
    update odd_even_probability
    set ODD_PROBABILITY = #{oddProbability,jdbcType=DECIMAL},
      EVEN_PROBABILITY = #{evenProbability,jdbcType=DECIMAL},
      LAST_UPDATE_DATE = #{lastUpdateDate,jdbcType=TIMESTAMP}
    where ODD_EVEN_ID = #{oddEvenId,jdbcType=INTEGER}
  </update>
</mapper>