<?xml version="1.0" encoding="UTF-8"?>
<!DOCTYPE mapper PUBLIC "-//mybatis.org//DTD Mapper 3.0//EN" "http://mybatis.org/dtd/mybatis-3-mapper.dtd">
<mapper namespace="com.fucai.dao.SectionProbabilityMapper">
  <resultMap id="BaseResultMap" type="com.fucai.model.SectionProbability">
    <!--
      WARNING - @mbggenerated
      This element is automatically generated by MyBatis Generator, do not modify.
    -->
    <id column="SECTION_ID" jdbcType="INTEGER" property="sectionId" />
    <result column="FIRST_SECTION_PROBABILITY" jdbcType="DECIMAL" property="firstSectionProbability" />
    <result column="SECOND_SECTION_PROBABILITY" jdbcType="DECIMAL" property="secondSectionProbability" />
    <result column="THIRD__SECTION_PROBABILITY" jdbcType="DECIMAL" property="thirdSectionProbability" />
    <result column="LAST_UPDATE_DATE" jdbcType="TIMESTAMP" property="lastUpdateDate" />
  </resultMap>
  <sql id="Example_Where_Clause">
    <!--
      WARNING - @mbggenerated
      This element is automatically generated by MyBatis Generator, do not modify.
    -->
    <where>
      <foreach collection="oredCriteria" item="criteria" separator="or">
        <if test="criteria.valid">
          <trim prefix="(" prefixOverrides="and" suffix=")">
            <foreach collection="criteria.criteria" item="criterion">
              <choose>
                <when test="criterion.noValue">
                  and ${criterion.condition}
                </when>
                <when test="criterion.singleValue">
                  and ${criterion.condition} #{criterion.value}
                </when>
                <when test="criterion.betweenValue">
                  and ${criterion.condition} #{criterion.value} and #{criterion.secondValue}
                </when>
                <when test="criterion.listValue">
                  and ${criterion.condition}
                  <foreach close=")" collection="criterion.value" item="listItem" open="(" separator=",">
                    #{listItem}
                  </foreach>
                </when>
              </choose>
            </foreach>
          </trim>
        </if>
      </foreach>
    </where>
  </sql>
  <sql id="Update_By_Example_Where_Clause">
    <!--
      WARNING - @mbggenerated
      This element is automatically generated by MyBatis Generator, do not modify.
    -->
    <where>
      <foreach collection="example.oredCriteria" item="criteria" separator="or">
        <if test="criteria.valid">
          <trim prefix="(" prefixOverrides="and" suffix=")">
            <foreach collection="criteria.criteria" item="criterion">
              <choose>
                <when test="criterion.noValue">
                  and ${criterion.condition}
                </when>
                <when test="criterion.singleValue">
                  and ${criterion.condition} #{criterion.value}
                </when>
                <when test="criterion.betweenValue">
                  and ${criterion.condition} #{criterion.value} and #{criterion.secondValue}
                </when>
                <when test="criterion.listValue">
                  and ${criterion.condition}
                  <foreach close=")" collection="criterion.value" item="listItem" open="(" separator=",">
                    #{listItem}
                  </foreach>
                </when>
              </choose>
            </foreach>
          </trim>
        </if>
      </foreach>
    </where>
  </sql>
  <sql id="Base_Column_List">
    <!--
      WARNING - @mbggenerated
      This element is automatically generated by MyBatis Generator, do not modify.
    -->
    SECTION_ID, FIRST_SECTION_PROBABILITY, SECOND_SECTION_PROBABILITY, THIRD__SECTION_PROBABILITY, 
    LAST_UPDATE_DATE
  </sql>
  <select id="selectByExample" parameterType="com.fucai.model.SectionProbabilityExample" resultMap="BaseResultMap">
    <!--
      WARNING - @mbggenerated
      This element is automatically generated by MyBatis Generator, do not modify.
    -->
    select
    <if test="distinct">
      distinct
    </if>
    'true' as QUERYID,
    <include refid="Base_Column_List" />
    from section_probability
    <if test="_parameter != null">
      <include refid="Example_Where_Clause" />
    </if>
    <if test="orderByClause != null">
      order by ${orderByClause}
    </if>
  </select>
  <select id="selectByPrimaryKey" parameterType="java.lang.Integer" resultMap="BaseResultMap">
    <!--
      WARNING - @mbggenerated
      This element is automatically generated by MyBatis Generator, do not modify.
    -->
    select 
    <include refid="Base_Column_List" />
    from section_probability
    where SECTION_ID = #{sectionId,jdbcType=INTEGER}
  </select>
  <delete id="deleteByPrimaryKey" parameterType="java.lang.Integer">
    <!--
      WARNING - @mbggenerated
      This element is automatically generated by MyBatis Generator, do not modify.
    -->
    delete from section_probability
    where SECTION_ID = #{sectionId,jdbcType=INTEGER}
  </delete>
  <delete id="deleteByExample" parameterType="com.fucai.model.SectionProbabilityExample">
    <!--
      WARNING - @mbggenerated
      This element is automatically generated by MyBatis Generator, do not modify.
    -->
    delete from section_probability
    <if test="_parameter != null">
      <include refid="Example_Where_Clause" />
    </if>
  </delete>
  <insert id="insert" parameterType="com.fucai.model.SectionProbability">
    <!--
      WARNING - @mbggenerated
      This element is automatically generated by MyBatis Generator, do not modify.
    -->
    insert into section_probability (SECTION_ID, FIRST_SECTION_PROBABILITY, 
      SECOND_SECTION_PROBABILITY, THIRD__SECTION_PROBABILITY, 
      LAST_UPDATE_DATE)
    values (#{sectionId,jdbcType=INTEGER}, #{firstSectionProbability,jdbcType=DECIMAL}, 
      #{secondSectionProbability,jdbcType=DECIMAL}, #{thirdSectionProbability,jdbcType=DECIMAL}, 
      #{lastUpdateDate,jdbcType=TIMESTAMP})
  </insert>
  <insert id="insertSelective" parameterType="com.fucai.model.SectionProbability">
    <!--
      WARNING - @mbggenerated
      This element is automatically generated by MyBatis Generator, do not modify.
    -->
    insert into section_probability
    <trim prefix="(" suffix=")" suffixOverrides=",">
      <if test="sectionId != null">
        SECTION_ID,
      </if>
      <if test="firstSectionProbability != null">
        FIRST_SECTION_PROBABILITY,
      </if>
      <if test="secondSectionProbability != null">
        SECOND_SECTION_PROBABILITY,
      </if>
      <if test="thirdSectionProbability != null">
        THIRD__SECTION_PROBABILITY,
      </if>
      <if test="lastUpdateDate != null">
        LAST_UPDATE_DATE,
      </if>
    </trim>
    <trim prefix="values (" suffix=")" suffixOverrides=",">
      <if test="sectionId != null">
        #{sectionId,jdbcType=INTEGER},
      </if>
      <if test="firstSectionProbability != null">
        #{firstSectionProbability,jdbcType=DECIMAL},
      </if>
      <if test="secondSectionProbability != null">
        #{secondSectionProbability,jdbcType=DECIMAL},
      </if>
      <if test="thirdSectionProbability != null">
        #{thirdSectionProbability,jdbcType=DECIMAL},
      </if>
      <if test="lastUpdateDate != null">
        #{lastUpdateDate,jdbcType=TIMESTAMP},
      </if>
    </trim>
  </insert>
  <select id="countByExample" parameterType="com.fucai.model.SectionProbabilityExample" resultType="java.lang.Integer">
    <!--
      WARNING - @mbggenerated
      This element is automatically generated by MyBatis Generator, do not modify.
    -->
    select count(*) from section_probability
    <if test="_parameter != null">
      <include refid="Example_Where_Clause" />
    </if>
  </select>
  <update id="updateByExampleSelective" parameterType="map">
    <!--
      WARNING - @mbggenerated
      This element is automatically generated by MyBatis Generator, do not modify.
    -->
    update section_probability
    <set>
      <if test="record.sectionId != null">
        SECTION_ID = #{record.sectionId,jdbcType=INTEGER},
      </if>
      <if test="record.firstSectionProbability != null">
        FIRST_SECTION_PROBABILITY = #{record.firstSectionProbability,jdbcType=DECIMAL},
      </if>
      <if test="record.secondSectionProbability != null">
        SECOND_SECTION_PROBABILITY = #{record.secondSectionProbability,jdbcType=DECIMAL},
      </if>
      <if test="record.thirdSectionProbability != null">
        THIRD__SECTION_PROBABILITY = #{record.thirdSectionProbability,jdbcType=DECIMAL},
      </if>
      <if test="record.lastUpdateDate != null">
        LAST_UPDATE_DATE = #{record.lastUpdateDate,jdbcType=TIMESTAMP},
      </if>
    </set>
    <if test="_parameter != null">
      <include refid="Update_By_Example_Where_Clause" />
    </if>
  </update>
  <update id="updateByExample" parameterType="map">
    <!--
      WARNING - @mbggenerated
      This element is automatically generated by MyBatis Generator, do not modify.
    -->
    update section_probability
    set SECTION_ID = #{record.sectionId,jdbcType=INTEGER},
      FIRST_SECTION_PROBABILITY = #{record.firstSectionProbability,jdbcType=DECIMAL},
      SECOND_SECTION_PROBABILITY = #{record.secondSectionProbability,jdbcType=DECIMAL},
      THIRD__SECTION_PROBABILITY = #{record.thirdSectionProbability,jdbcType=DECIMAL},
      LAST_UPDATE_DATE = #{record.lastUpdateDate,jdbcType=TIMESTAMP}
    <if test="_parameter != null">
      <include refid="Update_By_Example_Where_Clause" />
    </if>
  </update>
  <update id="updateByPrimaryKeySelective" parameterType="com.fucai.model.SectionProbability">
    <!--
      WARNING - @mbggenerated
      This element is automatically generated by MyBatis Generator, do not modify.
    -->
    update section_probability
    <set>
      <if test="firstSectionProbability != null">
        FIRST_SECTION_PROBABILITY = #{firstSectionProbability,jdbcType=DECIMAL},
      </if>
      <if test="secondSectionProbability != null">
        SECOND_SECTION_PROBABILITY = #{secondSectionProbability,jdbcType=DECIMAL},
      </if>
      <if test="thirdSectionProbability != null">
        THIRD__SECTION_PROBABILITY = #{thirdSectionProbability,jdbcType=DECIMAL},
      </if>
      <if test="lastUpdateDate != null">
        LAST_UPDATE_DATE = #{lastUpdateDate,jdbcType=TIMESTAMP},
      </if>
    </set>
    where SECTION_ID = #{sectionId,jdbcType=INTEGER}
  </update>
  <update id="updateByPrimaryKey" parameterType="com.fucai.model.SectionProbability">
    <!--
      WARNING - @mbggenerated
      This element is automatically generated by MyBatis Generator, do not modify.
    -->
    update section_probability
    set FIRST_SECTION_PROBABILITY = #{firstSectionProbability,jdbcType=DECIMAL},
      SECOND_SECTION_PROBABILITY = #{secondSectionProbability,jdbcType=DECIMAL},
      THIRD__SECTION_PROBABILITY = #{thirdSectionProbability,jdbcType=DECIMAL},
      LAST_UPDATE_DATE = #{lastUpdateDate,jdbcType=TIMESTAMP}
    where SECTION_ID = #{sectionId,jdbcType=INTEGER}
  </update>
</mapper>